year,kind,division,award,title,author_affiliation,official_summary,url,local_path,retrieved_at,sha256,bytes
2018,judging_summary,共通,,総評,,,https://www.nstac.go.jp/sys/files/sites/3/static/statcompe/files/2018/2018souhyou.pdf,references/awards/raw/2018/common/2018souhyou.pdf,2026-08-17T07:53:46.763074+00:00,c44dd72596c1f1512b9388fbc135ae8c1c9e7b4cd6bf84728720cae4b5c724f8,6230
2018,judging_summary,共通,,一覧はこちら,,,https://www.nstac.go.jp/sys/files/sites/3/static/statcompe/files/2018award.pdf,references/awards/raw/2018/common/2018award.pdf,2026-08-17T07:53:46.763074+00:00,16a36535732d476eaa661d1d1b3420a92dc333bf86ad45f771c3366f110a9616,11989
2018,paper,高校生の部,総務大臣賞,本当に日本の医療は危機的状況にあるのか?,大段 利々子(広島大学附属高等学校) 医療問題について、医師数、病院数と人口構成比や自治体の経済力などの関係性を分析した上で、高齢者の地域経済への貢献が重要と指摘,,https://www.nstac.go.jp/sys/files/sites/3/static/statcompe/files/2018/2018H-daijin.pdf,references/awards/raw/2018/high-school/2018H-daijin.pdf,2026-08-17T07:53:46.763074+00:00,e7f020a7b0c244ba133dc8b1075096cd1e9265381d16fb31cd51381c50a0cbb9,658187
2018,paper,高校生の部,優秀賞,SSDSEデータを活用した全国学習状況調査結果との相関分析,宮本 雨月、金山 瑠依、門脇 俊樹(和歌山県立田辺工業高等学校) 小学生の学習への関心や取組について、家族構成や自治体の教育費等との関係を分析した結果、大家族世帯が学習状況に良い影響を与えると指摘,,https://www.nstac.go.jp/sys/files/sites/3/static/statcompe/files/2018/2018H-yuusyuu.pdf,references/awards/raw/2018/high-school/2018H-yuusyuu.pdf,2026-08-17T07:53:46.763074+00:00,9b7ed60e7bd64a1c0d64afe68c185ddd3f1ceceeccbc0f151378e3230962ac86,503750
2018,paper,高校生の部,日本統計協会賞,交流人口増加による愛媛県の活性化,白石 大悟、高田 蒼大、武田 裕喜(愛媛県立松山南高等学校) 人口減少による経済の縮小に対して、外国人旅行者の増加を目指し、温泉旅館の利用促進を提案。様々な公的統計を活用し、経済波及効果も推計,,https://www.nstac.go.jp/sys/files/sites/3/static/statcompe/files/2018/2018H-kyoukai.pdf,references/awards/raw/2018/high-school/2018H-kyoukai.pdf,2026-08-17T07:53:46.763074+00:00,6eafa22aeace1bb44b51f459903714b7f6fd91d131fabf78a54d56c92b93660e,306956
2018,paper,高校生の部,特別賞,機械学習による15歳未満人口の推定,伊藤 寛子(渋谷教育学園幕張高等学校) 機械学習により人口統計データを分析することを試み、その過程を詳細に記載,,https://www.nstac.go.jp/sys/files/sites/3/static/statcompe/files/2018/2018H-tokubetu.pdf,references/awards/raw/2018/high-school/2018H-tokubetu.pdf,2026-08-17T07:53:46.763074+00:00,ee2ce392120faa6ac21575b5fb9c9873afab23047af5f42b02ef30942afb5d19,455705
2018,paper,大学生・一般の部,総務大臣賞,地方創生における三つの「鍵」,平原 幸輝(早稲田大学人間科学部人間環境科学科) 地方創生のコアである人口増減について、「大学進学率」、「人口当たり医師数」、「労働力人口率」の3つの指標が強い影響力を持っていると指摘。これらの指標に基づき、各市町村を類型化,,https://www.nstac.go.jp/sys/files/sites/3/static/statcompe/files/2018/2018G-daijin.pdf,references/awards/raw/2018/university-general/2018G-daijin.pdf,2026-08-17T07:53:46.763074+00:00,f42cf1ccc81f9c125c530a557f3bdceab50df9f8f17043a63335b82b29efc969,1419372
2018,paper,大学生・一般の部,優秀賞,人口規模によって異なる保育所数・保育所在所児数・定員充足率の関係,小野島 昂洋(早稲田大学大学院教育学研究科) 保育所数、利用者数、定員充足率は市町村の規模によって、その関係性に差異があることを確認した上で、政策立案においてはこの差異を考慮する必要があると指摘,,https://www.nstac.go.jp/sys/files/sites/3/static/statcompe/files/2018/2018G-yuusyuu.pdf,references/awards/raw/2018/university-general/2018G-yuusyuu.pdf,2026-08-17T07:53:46.763074+00:00,f285b8465f03dfcc050ff3c3d7be0fc3e8f006c7dda676101e13825c490bec2e,377661
2018,paper,大学生・一般の部,日本統計協会賞,地方創生に向けた東京一極集中是正のための定量的都市圏選定指標の提案,池田 泰成、柴辻 優樹、鶏内 朋也、石川 貴啓、佐野 岳史(慶應義塾大学リーディングプログラム) 首都機能を他の都市へ移転することを想定し、地理、経済、生活に係る指標を使って、移転にふさわしい都市を具体的に選定,,https://www.nstac.go.jp/sys/files/sites/3/static/statcompe/files/2018/2018G-kyoukai.pdf,references/awards/raw/2018/university-general/2018G-kyoukai.pdf,2026-08-17T07:53:46.763074+00:00,2f9ffcce4e9dfea1f2a255d7ac8ecff6e85bd7a2e0addbc8a998c5b87a1167dc,445791
2018,paper,大学生・一般の部,特別賞,日本の全市町村における人口の自然増減の分布と説明要因,"小野 恵子(国際基督教大学 社会科学研究所) 宮内 はじめ(Code for Nagoya, OSGeo財団日本支部) 白松 俊(名古屋工業大学大学院 工学研究科) 河口 信夫(名古屋大学大学院 工学研究科) 五十嵐 康伸(パーソルキャリア株式会社) 人口の自然減少について、地理的・時間的な分布を明らかにするとともに、高齢者率、若年女性比、女性・子ども比、都市圏かどうかが影響していると指摘",,https://www.nstac.go.jp/sys/files/sites/3/static/statcompe/files/2018/2018G-tokubetu.pdf,references/awards/raw/2018/university-general/2018G-tokubetu.pdf,2026-08-17T07:53:46.763074+00:00,4ae9f04947a9b20b5359d8ac1f6bd01fa5007da053ab2732b0f9c663c3eb2d2c,1343433
2019,judging_summary,共通,,総評,,,https://www.nstac.go.jp/sys/files/sites/3/static/statcompe/files/2019/2019C-comment.pdf,references/awards/raw/2019/common/2019C-comment.pdf,2026-08-17T07:53:49.443847+00:00,c0cfab7b00abd5dbcbe4c0b9b55cc65a3361ec7951af0c59819365570387db59,181409
2019,paper,高校生の部,総務大臣賞,ワンオペ育児から見る離婚,竹内 遥、江本 もえ、木下 舞、永井 あゆる(お茶の水女子大学附属高等学校) 離婚の要因を探るため、様々な仮説の下、総人口の影響を除いた偏相関係数を用いた相関分析を行った。その結果、離婚要因の一つが、家庭内で女性のみが家事や子育てを行うワンオペ育児にあることを導いた。その上で、ワンオペ育児を防ぐために、男性の育休取得数を増やすことなどを提案している。,,https://www.nstac.go.jp/sys/files/sites/3/static/statcompe/files/2019/2019H1-daijin.pdf,references/awards/raw/2019/high-school/2019H1-daijin.pdf,2026-08-17T07:53:49.443847+00:00,9b0682584038a35515e49298c4243463205f3dc659171110322c8231a2a85c75,478843
2019,paper,高校生の部,優秀賞,南海トラフ地震に備えて ~指定避難所に3人に1人が避難できず、災害時の医療体制は本当に十分か?~,渡邉 璃里香、吉田 美咲(愛媛県立松山南高等学校) 南海トラフ地震に備えるために、通学している高校から半径3km以内のエリアについて、GISを用い地図上に指定避難所や診療所をプロットすることにより、避難所の分布に空白地帯があり診療所に偏りがあることを指摘した。さらに、幼稚園等の新たな避難所、災害時の医療体制の充実などを提案している。,,https://www.nstac.go.jp/sys/files/sites/3/static/statcompe/files/2019/2019H2-yushu.pdf,references/awards/raw/2019/high-school/2019H2-yushu.pdf,2026-08-17T07:53:49.443847+00:00,250dc130dc40cabc18bb3a105a3ee19bde743adb50113cc4e71ebb6113f67054,1104348
2019,paper,高校生の部,統計数理賞(統計数理研究所賞),過疎地域の現状分析と発展に重要な視点,猪狩 信人(福島工業高等専門学校) 過疎地域の発展に重要な視点を探るため、市区町村を過疎地域とそれ以外に分類し、SSDSEから人口、教育、産業などのデータについて、分布の比較や相関分析を行った。その結果、一次産業の活性化が過疎地域の発展につながることを指摘するとともに、行政機関が資金援助を行うことの必要性を述べている。,,https://www.nstac.go.jp/sys/files/sites/3/static/statcompe/files/2019/2019H3-suri.pdf,references/awards/raw/2019/high-school/2019H3-suri.pdf,2026-08-17T07:53:49.443847+00:00,397a6aafae452791d79b30c4179035e850ee59a963b05a4bb4e50a1273841522,752959
2019,paper,高校生の部,統計活用奨励賞(日本統計協会賞),日本で暮らす外国人の動向から見た多民族化,大段 利々子(広島大学附属高等学校) 多民族化が人口問題解決の鍵になるという仮説の下、SSDSEから人口、地方経済関連データを抽出して相関分析を行った。その結果、外国人比率の高い地域が都市部と地場産業を有する地方とに二極化していることなどを示し、新たな産業の展開が外国人の増加、地方創生につながる可能性を指摘している。,,https://www.nstac.go.jp/sys/files/sites/3/static/statcompe/files/2019/2019H4-shorei.pdf,references/awards/raw/2019/high-school/2019H4-shorei.pdf,2026-08-17T07:53:49.443847+00:00,029bea940bd41c0de749c15fa50fb4ee7b512c9b2580c0452191c33701cbfaea,1932424
2019,paper,高校生の部,特別賞,旅館及びホテルにおける日本人・外国人宿泊客の都道府県別増減から考える旅館の復活 ―岡山県湯原温泉の視点からインバウンド需要を旅館に取り込む方策―,池田 雅子(岡山県立岡山操山高等学校) 生まれ育った温泉地の復興に向けて、インバウンド消費が重要であるという仮説の下、GISソフトを用いた分析や相関分析などを行った。ビジネスホテルと外国人観光客数には正の相関が観察されることから、設備投資を行い、和風のビジネスホテルにするなど、地方の旅館再生モデルを提案している。,,https://www.nstac.go.jp/sys/files/sites/3/static/statcompe/files/2019/2019H51-toku1.pdf,references/awards/raw/2019/high-school/2019H51-toku1.pdf,2026-08-17T07:53:49.443847+00:00,3e541b12493be298c76c98cafe5c2b1476344ad77f8ac636bd033f54e352026f,1026628
2019,paper,高校生の部,特別賞,香川県の交通事故発生の要因を交通違反件数を基に分析する,宇川 昇吾、宮本 紫苑、山地 悠介(香川県立観音寺第一高等学校) 香川県の交通事故発生件数が多いという問題意識の下、交通事故発生要因を解析するため、交通違反件数を説明変数とする重回帰分析を行った。その結果、香川県と人口規模が近い和歌山県との比較を通し、香川県では一時停止違反の多さが交通事故の発生に深く関わっていることを指摘している。,,https://www.nstac.go.jp/sys/files/sites/3/static/statcompe/files/2019/2019H52-toku2.pdf,references/awards/raw/2019/high-school/2019H52-toku2.pdf,2026-08-17T07:53:49.443847+00:00,a48640d75977dce0a94c92d3bb09396930531b4142aca418c7650606022eb35a,492545
2019,paper,大学生・一般の部,総務大臣賞,地方創生目標指標に関する変化要因ネットワークの推定とそれに基づく地域間連携策の提案,張 瀚天、白鳥 友風(筑波大学大学院システム情報工学研究科) 地方創生の設定目標について、目標指標に影響を与える変数の相互関係を明らかにするため、共分散行列を用いて要因ネットワーク図を作成し、lasso法による分析を行った。その結果、地域の稼ぐ力が地方創生に重要であることを指摘するとともに、地理的な制約にとらわれない地域間連携を提案している。,,https://www.nstac.go.jp/sys/files/sites/3/static/statcompe/files/2019/2019U1-daijin.pdf,references/awards/raw/2019/university-general/2019U1-daijin.pdf,2026-08-17T07:53:49.443847+00:00,cd357b0f96956e0415ec181819d58dceac976b0ebffbf49e360a7401eaa73ebb,3281609
2019,paper,大学生・一般の部,優秀賞,我が国における人口増減の決定要因,竹内 太郎(大阪大学医学部) 都道府県の人口増減について決定要因を探るため、教育、健康・医療分野の指標を説明変数として回帰分析を行った。その結果、高等学校卒業者の進学率、一般診療所数、医師数の増加などが人口増加に影響しているとの結果を得ており、人口減少を克服するための政策立案の基礎資料として提案している。,,https://www.nstac.go.jp/sys/files/sites/3/static/statcompe/files/2019/2019U2-yushu.pdf,references/awards/raw/2019/university-general/2019U2-yushu.pdf,2026-08-17T07:53:49.443847+00:00,fbcf471d24b2afa31778e7ec7705016b6ca01d6c882e7a2781edad6f87e497fd,779949
2019,paper,大学生・一般の部,統計数理賞(統計数理研究所賞),マルチレベル分析を用いた市町村大学等進学率の決定要因分析,松本 洋輔(一橋大学経済学部) 大学等進学率の地域格差の要因を探るため、都道府県レベルと市区町村レベルの複数の説明変数を同時に扱うマルチレベル分析を行った。結果として、都道府県レベルでは東京または京都までの距離と大学収容率、市区町村レベルでは課税対象所得、知識集約型産業従事者率等が、大学等進学率に影響していると指摘している。,,https://www.nstac.go.jp/sys/files/sites/3/static/statcompe/files/2019/2019U3-suri.pdf,references/awards/raw/2019/university-general/2019U3-suri.pdf,2026-08-17T07:53:49.443847+00:00,af7ae77e44c15bef830616d302fe4a7ef2c0d1fc5d412c07e7d0e602c1204789,1870849
2019,paper,大学生・一般の部,統計活用奨励賞(日本統計協会賞),市区町村別でみる合計特殊出生率推移の特徴分析,村松 波、熊野 翔、川田 瑛貴(武蔵野大学工学部) 少子化問題の特徴を明らかにするため、子ども女性比を用いて市区町村別に合計特殊出生率(TFR)の推定を行い、2015年までの増減について検証を行った。結果として、東京都区部では港区等の増分が大きいことと、TFRの増分は納税者一人あたり所得の増分との相関が高いことを指摘している。,,https://www.nstac.go.jp/sys/files/sites/3/static/statcompe/files/2019/2019U4-shorei.pdf,references/awards/raw/2019/university-general/2019U4-shorei.pdf,2026-08-17T07:53:49.443847+00:00,c97f4dff69c03c643387f72deef178e2be5710e014073ff8565decab2a26ee29,1183887
2019,paper,大学生・一般の部,特別賞,潜在患者数に対する医師偏在の可視化,眞田 英毅、三浦 萌実(東北大学大学院文学研究科、株式会社社会情報サービス) 医療需要を踏まえた医師偏在の実態を把握するため、潜在的医療需要として入院患者数を二次医療圏別に算出した上でジニ係数を用いて検証を行い、都道府県比較を行った。結果として、医師偏在は、おもに西日本で発生していることを指摘し、都道府県内の医師の割振り配置について提案を行っている。,,https://www.nstac.go.jp/sys/files/sites/3/static/statcompe/files/2019/2019U51-toku1.pdf,references/awards/raw/2019/university-general/2019U51-toku1.pdf,2026-08-17T07:53:49.443847+00:00,492dafd46659c03fc57970c64c2646d37b6ab945a68fd7fa2fdf9bd4ca11e900,576504
2019,paper,大学生・一般の部,特別賞,外国人人口と市区町村の特性との関係性,西尾 春香(関西学院大学経済学部) 外国人人口と自治体の特性との関係について分析するため、市区町村別の統計指標を用いた重回帰分析を行い、人口密度や製造業等との相関が高いという結果を得た。また、決定木分析、ランダムフォレスト等の追加分析を行い、都市化、働き手不足、特定産業等が外国人人口に影響していることを指摘している。,,https://www.nstac.go.jp/sys/files/sites/3/static/statcompe/files/2019/2019U52-toku2.pdf,references/awards/raw/2019/university-general/2019U52-toku2.pdf,2026-08-17T07:53:49.443847+00:00,c39b962373e8a5fa79d983990fe0a0ba72816dc9f9479a781dce7676cc30559f,580197
2019,paper,大学生・一般の部,特別賞,「広域連携の政策検証」 ―空間計量経済学的手法による実証分析―,原 康熙、福田 和生、柳田 はづき(早稲田大学政治経済学部、商学部、社会科学部) 地方自治体の広域連携の効果について検証するため、Moran統計量による空間相関分析を行った。その結果、ごみ処理費用については広域連携の効果が確認され、待機児童についても共通の政策目標が形成された自治体の広域連携においては待機児童数が減少し、行政の効率化を促す可能性を指摘している。,,https://www.nstac.go.jp/sys/files/sites/3/static/statcompe/files/2019/2019U53-toku3.pdf,references/awards/raw/2019/university-general/2019U53-toku3.pdf,2026-08-17T07:53:49.443847+00:00,e935cf9686b8cad8f7ad2e976ce6f2efa33f6f16cbd63588929c3cdc31d26e09,1103221
2019,paper,大学生・一般の部,特別賞,地方創生実現のロジック ―地域経済活性化のメカニズムを解明する―,平原 幸輝(早稲田大学大学院人間科学研究科) 地域経済活性化のメカニズムを解明するため、市区町村別の付加価値額を事業従事者数等から重回帰分析により推計し、人口と付加価値額への影響をパス解析により分析した。結果として、労働・医療・福祉・教育といった社会環境の充実が、人口増加と経済活性化を引き起こし地方創生につながると指摘している。,,https://www.nstac.go.jp/sys/files/sites/3/static/statcompe/files/2019/2019U54-toku4.pdf,references/awards/raw/2019/university-general/2019U54-toku4.pdf,2026-08-17T07:53:49.443847+00:00,d47200d3b6c9c96fec7f5b70c096d73068701130a1a44b911c850ec0e915d725,1758955
2020,judging_summary,共通,,論文審査会 総評,,,https://www.nstac.go.jp/sys/files/sites/3/static/statcompe/files/2020/2020C-comment.pdf,references/awards/raw/2020/common/2020C-comment.pdf,2026-08-17T07:53:53.879159+00:00,d61343c83c920720390fb449add678424ab63c339d4b6edeaed3a0700ccb7c61,328366
2020,paper,高校生の部,総務大臣賞,人口増加と「住みやすい街」の関係,朝倉翔汰(慶應義塾湘南藤沢高等部) 市区町村の人口増加について、住みやすさに関する項目との相関分析を行ってヒートマップを作成し、安心度、利便性、住環境、労働等が人口増加の要因となることを示して、地域の実情や特色を活かした「住みやすい」街に向けた地方自治体の取り組みが大切であることを指摘している。,,https://www.nstac.go.jp/sys/files/sites/3/static/statcompe/files/2020/2020H1-daijin.pdf,references/awards/raw/2020/high-school/2020H1-daijin.pdf,2026-08-17T07:53:53.879159+00:00,03022691ed1cc10854fff98ac35a3f6a96d04b69505e784ff691c2c4063409d9,1150459
2020,paper,高校生の部,優秀賞,気温と脳卒中の発症リスクについて,山野瑞起・岩見拓海・黒子風大・柏木創太(兵庫県立姫路西高等学校) 三大疾病の1つである脳卒中が冬に多くなることに着目し、気温や室温との因果関係について仮説を立てて偏相関分析を行い、ヒートショックのリスクを低くする床暖房の普及率の影響を除くことで、気温と脳卒中の相関関係がより強くなることを示している。,,https://www.nstac.go.jp/sys/files/sites/3/static/statcompe/files/2020/2020H2-yushu.pdf,references/awards/raw/2020/high-school/2020H2-yushu.pdf,2026-08-17T07:53:53.879159+00:00,f8d66c7e0182d24c7d469c2577b4abf5a1effbe59655460cbfc9583e3485a277,1317817
2020,paper,高校生の部,統計数理賞,観光業による観音寺市の少子高齢化による問題解決,藤村小桜・石川花鈴・石川桜大・川崎泰治・佐藤龍之介・宮武颯樹(香川県立観音寺第一高等学校) 都道府県別の転入者数について、宿泊施設の宿泊者数と相関が見られることを示し、観光業を発展させて観光客が多く来るような場所にすることで移住を増やし、居住地の観音寺市における少子高齢化の問題を解決することを提案している。,,https://www.nstac.go.jp/sys/files/sites/3/static/statcompe/files/2020/2020H3-suri.pdf,references/awards/raw/2020/high-school/2020H3-suri.pdf,2026-08-17T07:53:53.879159+00:00,6d6b6dc04aac73d85ea474ca8a2e321f901cb9a5da60307e8179c9c5c5b6cdfc,1294891
2020,paper,高校生の部,統計活用奨励賞,自治体ごとのふるさと納税の必要性を定義する,岡本涼夏(慶應義塾湘南藤沢高等部) 市区町村の歳入及び転入超過数について人口密度と相関が見られることを示し、地方創生を目的とするふるさと納税の必要性の指標として、人口密度を用いることで、必要性が低い自治体が過剰なふるさと納税を集めないように制限を設けることを提案している。,,https://www.nstac.go.jp/sys/files/sites/3/static/statcompe/files/2020/2020H4-shorei.pdf,references/awards/raw/2020/high-school/2020H4-shorei.pdf,2026-08-17T07:53:53.879159+00:00,5ac30eabb675598aca35324a140722cef69f954bd69f690962e927ec3f8ffd5e,1439278
2020,paper,高校生の部,特別賞(統計分析),空き家増加問題を相関関係から読み解く,好田駿成(学習院高等科),,https://www.nstac.go.jp/sys/files/sites/3/static/statcompe/files/2020/2020H51-toku1.pdf,references/awards/raw/2020/high-school/2020H51-toku1.pdf,2026-08-17T07:53:53.879159+00:00,e8d966a700154d1fb3574ed3ecb7cf0cd2d2deca84e941947270b27053ccf746,1050525
2020,paper,高校生の部,特別賞(統計活用),高校生と高齢者の利用で中央商店街を活性化しよう!!,田中千遥・玉井菜実(愛媛県立松山南高等学校),,https://www.nstac.go.jp/sys/files/sites/3/static/statcompe/files/2020/2020H52-toku2.pdf,references/awards/raw/2020/high-school/2020H52-toku2.pdf,2026-08-17T07:53:53.879159+00:00,a4d46ae93556981ef11cf40bfc414921ac071b31bd38589c2c70a36d4fb2e2c3,1636958
2020,paper,高校生の部,特別賞(統計活用),空き家を減らすために,田中月霧・福永奈々花・冨谷伊吹・美安健志(兵庫県立姫路西高等学校),,https://www.nstac.go.jp/sys/files/sites/3/static/statcompe/files/2020/2020H53-toku3.pdf,references/awards/raw/2020/high-school/2020H53-toku3.pdf,2026-08-17T07:53:53.879159+00:00,0da6a8c307957b22662cc7235d5e0d6652eca18c26ebee7c7cde250e3a3b35a0,1309297
2020,paper,大学生・一般の部,総務大臣賞,観光消費額の地域間差異に関するパネルデータ分析,藤原浩高(鳥取大学地域学部地域政策学科) 日本経済および地域経済の活性化に必要な観光産業について、固有効果と年次効果を考慮したパネルデータ分析を行うことで、「温泉・健康」、「都市型観光」、「スポーツ・レクリエーション」等が都道府県の観光消費額に有意に影響していることを示し、既存研究と異なる知見を見出した。,,https://www.nstac.go.jp/sys/files/sites/3/static/statcompe/files/2020/2020U1-daijin.pdf,references/awards/raw/2020/university-general/2020U1-daijin.pdf,2026-08-17T07:53:53.879159+00:00,1c3aa61f4033bfffd4b093e828c158d8f4e7555d2a95be100a47801c52ada3d1,1013800
2020,paper,大学生・一般の部,優秀賞,ふるさと納税は地方創生の切り札になりえるか ―固定効果モデルを用いたパネルデータ分析―,森將暁(一橋大学商学部経営学科) 地方創生政策の一つとして導入された、ふるさと納税制度について市区町村のパネルデータを作成して固定効果モデルによる分析を行い、ふるさと納税制度が経済効果をもたらす一方で、人口増加には効果が見られないことを示した。,,https://www.nstac.go.jp/sys/files/sites/3/static/statcompe/files/2020/2020U2-yushu.pdf,references/awards/raw/2020/university-general/2020U2-yushu.pdf,2026-08-17T07:53:53.879159+00:00,af53b1319835ad4b4807a1851a4a1c57242678ed037208cfedb6dea4c9544b04,1014206
2020,paper,大学生・一般の部,統計数理賞,階層ベイズモデルを用いた学力に対する教育費の費用対効果推定,渡邊彰久・石川洸矢・近藤謙将(東京工業大学大学院工学院経営工学系) 小中学生の学力について、状態空間モデルによる学力推定と階層ベイズモデルによる教育関連費用の効果推定を行い、学力に対する教育費の費用対効果が都道府県によって異なることを示した。,,https://www.nstac.go.jp/sys/files/sites/3/static/statcompe/files/2020/2020U3-suri.pdf,references/awards/raw/2020/university-general/2020U3-suri.pdf,2026-08-17T07:53:53.879159+00:00,dab9d38da2ccadc55bcdf838ef3f089aea6bd4c6611e5f0b34c4d222cabd74fd,3721512
2020,paper,大学生・一般の部,統計活用奨励賞,第二期「まち・ひと・しごと総合戦略」における日本の目指すべき将来に向けた社会構造分析及び提案,冨尾燿平・眞保祐樹(中央大学大学院理工学研究科) 都道府県の転出数と出生率について、関係する因子をLasso回帰により特定し、仕事に対する多様性が人口減少の緩和に繋がることを示した。また、稼ぐ力についてクラスタリングを行って経済活性化を達成させるための主要産業を明らかにした。,,https://www.nstac.go.jp/sys/files/sites/3/static/statcompe/files/2020/2020U4-shorei.pdf,references/awards/raw/2020/university-general/2020U4-shorei.pdf,2026-08-17T07:53:53.879159+00:00,aa7fb15d9b009c73b36cd5e8f3680f8f58d190c45ed473da3104bb413ebc45aa,1485643
2020,paper,大学生・一般の部,特別賞(統計分析),人口増減している市区町村の特徴と人口規模の影響,三木祐司(JFEスチール株式会社スチール研究所),,https://www.nstac.go.jp/sys/files/sites/3/static/statcompe/files/2020/2020U51-toku1.pdf,references/awards/raw/2020/university-general/2020U51-toku1.pdf,2026-08-17T07:53:53.879159+00:00,0cea7b6949e13e6d93e6addc42f10c08d9d573fb24b411e7c2fd8f0474451faa,1682663
2020,paper,大学生・一般の部,特別賞(統計活用),若者の投票率はなぜ低下したのか ―都道府県別・年代別投票率パネルデータ(2000-2020)分析―,市橋来夏・菊田葵・工藤桂菜・瀧井日奈子(津田塾大学総合政策学部総合政策学科),,https://www.nstac.go.jp/sys/files/sites/3/static/statcompe/files/2020/2020U52-toku2.pdf,references/awards/raw/2020/university-general/2020U52-toku2.pdf,2026-08-17T07:53:53.879159+00:00,9cca3099363ad2bf94732d43fa527fb3385657c6538c4f84bde9fce734c5e42e,2544521
2020,paper,大学生・一般の部,特別賞(統計活用),日本国内の“地方”の再構成および新地方に基づく成長戦略の提案,茅根脩司(慶應義塾大学大学院理工学研究科),,https://www.nstac.go.jp/sys/files/sites/3/static/statcompe/files/2020/2020U53-toku3.pdf,references/awards/raw/2020/university-general/2020U53-toku3.pdf,2026-08-17T07:53:53.879159+00:00,e07ad9584b632bd097c8fa310a1a1dd074ea065b98a0b36d7c27a2171355257a,4992441
2020,paper,大学生・一般の部,特別賞(統計活用),社会増減が合計特殊出生率に与える影響,堤敬司(京都府政策企画部企画統計課),,https://www.nstac.go.jp/sys/files/sites/3/static/statcompe/files/2020/2020U54-toku4.pdf,references/awards/raw/2020/university-general/2020U54-toku4.pdf,2026-08-17T07:53:53.879159+00:00,20338d656b3fc9476eb51cd9b4dfa3b8c23734a94c36589878bda2f0e4f89cfa,1199636
2020,paper,大学生・一般の部,特別賞(審査員奨励),家計調査に基づく消費重心の計算,井手健太(法政大学経済学部経済学科),,https://www.nstac.go.jp/sys/files/sites/3/static/statcompe/files/2020/2020U55-toku5.pdf,references/awards/raw/2020/university-general/2020U55-toku5.pdf,2026-08-17T07:53:53.879159+00:00,4c8b73e45fd19d99848ecf55da95041bd180738b0eaeff8d1f7430698123d487,1624434
2020,paper,大学生・一般の部,特別賞(審査員奨励),日本の出生率と地域格差,小田秀匡(東京大学大学院情報理工学系研究科),,https://www.nstac.go.jp/sys/files/sites/3/static/statcompe/files/2020/2020U56-toku6.pdf,references/awards/raw/2020/university-general/2020U56-toku6.pdf,2026-08-17T07:53:53.879159+00:00,6a2881ad5760e1b8cf97f66dd6b9a6c6666f1d2a53145929bae6a01a1f741f9f,2621105
2020,paper,大学生・一般の部,特別賞(審査員奨励),食料費支出の関係要因から見る都市と地方の特性の考察と地方創生策の提言,松永千佳・濱田怜衣(青山学院大学総合文化政策学部総合文化政策学科),,https://www.nstac.go.jp/sys/files/sites/3/static/statcompe/files/2020/2020U57-toku7.pdf,references/awards/raw/2020/university-general/2020U57-toku7.pdf,2026-08-17T07:53:53.879159+00:00,f43e742a2f52c800ea8dbdfb3a935979e9cfdc4a20ebad686ae6d92817561cde,3105754
2020,paper,大学生・一般の部,特別賞(審査員奨励),マルチレベル分析による高齢者の社会参加と医療費の関係についての考察,依田浩実(東京大学法学部第三類) 廣瀬寛太・本多史(東京大学経済学部経済学科) 村上将隆(東京大学法学部第一類),,https://www.nstac.go.jp/sys/files/sites/3/static/statcompe/files/2020/2020U58-toku8.pdf,references/awards/raw/2020/university-general/2020U58-toku8.pdf,2026-08-17T07:53:53.879159+00:00,6be112ff53856eafb2477e1864d60d3c970b107d05d7a60cb2c7f7d89b1b8b3a,830472
2021,judging_summary,共通,,論文審査会 総評,,,https://www.nstac.go.jp/sys/files/sites/3/static/statcompe/files/2021/2021C-comment.pdf,references/awards/raw/2021/common/2021C-comment.pdf,2026-08-17T07:54:00.657600+00:00,77393e8d08504ef70046cbe3a6e4f7bfccfb1009db20c9f8d345c8240b3581b0,359054
2021,paper,高校生の部,総務大臣賞,日本におけるワークライフバランスの達成状況とその課題,村澤 舞・山家 里穂(広島大学附属高等学校) ワークライフバランスについて、生活時間を男女別に分けることで男性はワーク(仕事)とライフ(生活)が負の相関にあること、女性はワークとライフに育児時間が強く影響しており、ワークを交絡変数として偏相関分析を行うことで、育児時間とライフの時間が負の相関にあることを示した。,,https://www.nstac.go.jp/sys/files/sites/3/static/statcompe/files/2021/2021H1-daijin.pdf,references/awards/raw/2021/high-school/2021H1-daijin.pdf,2026-08-17T07:54:00.657600+00:00,d8850c5fdf074f40c0105b1046725bfdf10086e87dea16d2f8ac2f67847f3321,2040813
2021,paper,高校生の部,優秀賞,健康寿命の延伸に向けて,太佐 美結(フェリス女学院高等学校) 人が健康に暮らすことのできる健康寿命について、様々な変数を用いて因子分析を行うことで因子の抽出を行い、説明変数の選択に当たっては相関分析により多重共線性について考慮した上で重回帰分析を行うことで、男性はスポーツ行動率、女性は緑茶の消費量等が健康寿命に影響を与えることを示した。,,https://www.nstac.go.jp/sys/files/sites/3/static/statcompe/files/2021/2021H2-yushu.pdf,references/awards/raw/2021/high-school/2021H2-yushu.pdf,2026-08-17T07:54:00.657600+00:00,33d03edc13770af045f90d9ffa9587fa56128af0b169aae7b4b1e4eed5397bd3,1602966
2021,paper,高校生の部,統計数理賞,求められている住宅,森 颯太(香川県立高松商業高等学校) 空き家が増える原因を分析するために不動産価格予測AIを作成し、住宅の条件を学習データとして用いることで、住宅の面積や築年数、最寄駅からの徒歩時間などの重要度が高いことを示した。結論として、住宅のリノベーションやリフォームに取り組むことによって空き家を減らすことを提案している。,,https://www.nstac.go.jp/sys/files/sites/3/static/statcompe/files/2021/2021H3-suri.pdf,references/awards/raw/2021/high-school/2021H3-suri.pdf,2026-08-17T07:54:00.657600+00:00,1871abc25cbb64b8657c09476d6c15c703920fa8c2f6cc7ff42a974d3f403f6a,2716308
2021,paper,高校生の部,統計活用奨励賞,外国人にとっての暮らしやすさとは,谷 優輝(慶應義塾湘南藤沢高等部) 日本の少子高齢化による人口減少を解決するための足掛かりとして外国人の移住に着目し、都道府県別の外国人人口割合について相関分析を行うことで、快適な気候や日本語教育の質に加えて、工業が盛んな地域ほど外国人人口割合が高い傾向にあることを示した。,,https://www.nstac.go.jp/sys/files/sites/3/static/statcompe/files/2021/2021H4-shorei.pdf,references/awards/raw/2021/high-school/2021H4-shorei.pdf,2026-08-17T07:54:00.657600+00:00,e7a7350cda31bfef5b8d21e158240a21063dfd41a30588588bdcb7cd1e72da02,1469728
2021,paper,高校生の部,特別賞(統計分析),男女別の自殺に至る要因について,河又 杏香(慶應義塾湘南藤沢高等部),,https://www.nstac.go.jp/sys/files/sites/3/static/statcompe/files/2021/2021H51-toku1.pdf,references/awards/raw/2021/high-school/2021H51-toku1.pdf,2026-08-17T07:54:00.657600+00:00,e1fc32d9f00726e757eaf9fe2f0175ec46dfd6d8fd7ddac92aa493d419c26cbc,952154
2021,paper,高校生の部,特別賞(統計分析),ごみの排出量と人口構成比に関する定量分析,杉本 歩優(お茶の水女子大学附属高等学校),,https://www.nstac.go.jp/sys/files/sites/3/static/statcompe/files/2021/2021H52-toku2.pdf,references/awards/raw/2021/high-school/2021H52-toku2.pdf,2026-08-17T07:54:00.657600+00:00,78074a27a2262867d7f5f041ccddb4b5284f7b341a308b665e86bc96001530d1,1867159
2021,paper,高校生の部,特別賞(統計活用),学習意欲を高めるために ~日本の教育を見直す~,遠藤 沙恵(慶應義塾湘南藤沢高等部),,https://www.nstac.go.jp/sys/files/sites/3/static/statcompe/files/2021/2021H53-toku3.pdf,references/awards/raw/2021/high-school/2021H53-toku3.pdf,2026-08-17T07:54:00.657600+00:00,310eafec51904a3f4e42ae74440036f2229b85b6dd192fb7b7d55c8915277ab7,1568377
2021,paper,高校生の部,特別賞(統計活用),テレワークの拡大と通勤通学時間の減少がもたらす影響と課題,武田 佳暖子・黒田 小晴(お茶の水女子大学附属高等学校),,https://www.nstac.go.jp/sys/files/sites/3/static/statcompe/files/2021/2021H54-toku4.pdf,references/awards/raw/2021/high-school/2021H54-toku4.pdf,2026-08-17T07:54:00.657600+00:00,63725833e9d6ce0ccf70f6ed4305ef6e3bac70d4b84b56bbfb99e2d070b10a73,2018405
2021,paper,高校生の部,特別賞(統計活用),少子化問題に向き合う,中川 真菜・東 優希・大前 翼・大山 悠稀・上月 翔也・竹村 春花(兵庫県立姫路西高等学校),,https://www.nstac.go.jp/sys/files/sites/3/static/statcompe/files/2021/2021H55-toku5.pdf,references/awards/raw/2021/high-school/2021H55-toku5.pdf,2026-08-17T07:54:00.657600+00:00,190b5b94d490a2514030b5ddfd005fe66db42cdae603c49a26ddfc5a32cfe947,1699262
2021,paper,高校生の部,特別賞(審査員奨励),瀬戸内海におけるマダコの現状とその分析,長谷川 夏恋・天野 雄耀(成城学園中学校高等学校),,https://www.nstac.go.jp/sys/files/sites/3/static/statcompe/files/2021/2021H56-toku6.pdf,references/awards/raw/2021/high-school/2021H56-toku6.pdf,2026-08-17T07:54:00.657600+00:00,759a3996019b0dee4f5f2bf1804c62a43eb8c1475ba6f8cbb5895137b867c1ff,1057066
2021,paper,大学生・一般の部,総務大臣賞,若者の大都市から地方への移動要因を探る ―修正重力モデルによる分析―,坂本 大樹(東京大学大学院情報理工学系研究科) 川本 晃大(早稲田大学大学院基幹理工学研究科) 地方から大都市への社会移動が地方の人口減少に大きく影響していることに着目し、各地域の人口と距離に加えて人口移動を決定づける様々な要因を考慮した修正重力モデルにより、若年層の人口移動の要因を分析している。Elastic Net回帰を用いて変数選択のパラメーター推定を行い、結果として若者の人口移動要因に関する変数を明らかにした。,,https://www.nstac.go.jp/sys/files/sites/3/static/statcompe/files/2021/2021U1-daijin.pdf,references/awards/raw/2021/university-general/2021U1-daijin.pdf,2026-08-17T07:54:00.657600+00:00,3453be0ac9f66a1e7e67312412cf8063391b6fd2db61f7d6d4ec670c23cfb125,1695331
2021,paper,大学生・一般の部,優秀賞,市区町村別に見た少子化の要因分析,倉島 茂之(東京理科大学経営学部経営学科) 日本の少子化について、合計特殊出生率(TFR)と若年女性の移動に着目し、クラスタリングによって高齢化の進んでいる地域や東京からの距離等による分類を行って、地理的要因と人口構造的要因が影響していることを示すことで、少子化問題に対応できている地域の特徴を明らかにした。,,https://www.nstac.go.jp/sys/files/sites/3/static/statcompe/files/2021/2021U2-yushu.pdf,references/awards/raw/2021/university-general/2021U2-yushu.pdf,2026-08-17T07:54:00.657600+00:00,d0c5b3317cf7119ce219246ea45fdc8005f2ddb404ac0d1c2619ac189fa47779,2056133
2021,paper,大学生・一般の部,統計数理賞,若年女性の社会増減についての要因分析,三輪 俊太郎(滋賀大学大学院データサイエンス研究科) 地方の人口減少は自然増減と社会増減の2つの側面があることから、女性の社会増減について145の変数を用いてランダムフォレスト回帰により若年女性の社会移動にかかわる要因を抽出し、産業面では特定産業の集積、産業面以外では婚姻数等が若年女性人口と相関していることを示している。,,https://www.nstac.go.jp/sys/files/sites/3/static/statcompe/files/2021/2021U3-suri.pdf,references/awards/raw/2021/university-general/2021U3-suri.pdf,2026-08-17T07:54:00.657600+00:00,3553058102e5ad0060e55c963f81d2d7e68bf37c2cbc780dd6b562f0a2ca0c4c,2022481
2021,paper,大学生・一般の部,統計活用奨励賞,家計調査を用いた消費重心と多変量解析による地域性の導出,井手 健太(法政大学経済学部経済学科) 家計調査の結果を用いて消費重心を定義し、クラスター分析の基準として取り入れることで、消費傾向が都道府県の位置する地方ごとに大別できることを示している。,,https://www.nstac.go.jp/sys/files/sites/3/static/statcompe/files/2021/2021U4-shorei.pdf,references/awards/raw/2021/university-general/2021U4-shorei.pdf,2026-08-17T07:54:00.657600+00:00,eb44822c387465c1e6c5443ea6c0fbd80f64ad2ed0599be6c8f63b4450db0010,1539732
2021,paper,大学生・一般の部,特別賞(統計分析),外国人技能実習生の実習地選択における就労産業、国籍、都道府県別クラスター効果の導出,後藤 龍星(慶應義塾大学法学部政治学科),,https://www.nstac.go.jp/sys/files/sites/3/static/statcompe/files/2021/2021U51-toku1.pdf,references/awards/raw/2021/university-general/2021U51-toku1.pdf,2026-08-17T07:54:00.657600+00:00,57fa693bf07a370b1d1174659618760d5a12f8ed001284c93d985319555d5e2f,1659594
2021,paper,大学生・一般の部,特別賞(統計分析),自治体間の人口流動性を考慮した潜在的な人手不足の可視化,渡邉 晃大・村上 竜之介(千葉工業大学先進工学部知能メディア工学科),,https://www.nstac.go.jp/sys/files/sites/3/static/statcompe/files/2021/2021U52-toku2.pdf,references/awards/raw/2021/university-general/2021U52-toku2.pdf,2026-08-17T07:54:00.657600+00:00,6555c2de4747112fb7bc15bd9e39aff704ec14a8ff7734931372dfc001cc1393,2091185
2021,paper,大学生・一般の部,特別賞(統計活用),都道府県別パネルデータを用いた学力の決定要因分析,桑名 聖人(早稲田大学政治経済学部政治学科) 豊野 拓巳・吉田 賢汰(早稲田大学政治経済学部経済学科),,https://www.nstac.go.jp/sys/files/sites/3/static/statcompe/files/2021/2021U53-toku3.pdf,references/awards/raw/2021/university-general/2021U53-toku3.pdf,2026-08-17T07:54:00.657600+00:00,a28f76c96238cccfb391d89be38b84a4a3aafb742edc65f61030e7fc6c0010c4,2301111
2021,paper,大学生・一般の部,特別賞(統計活用),教育のICT化が生徒の学力に与える影響の分析,深井 宗一郎(株式会社浜銀総合研究所),,https://www.nstac.go.jp/sys/files/sites/3/static/statcompe/files/2021/2021U54-toku4.pdf,references/awards/raw/2021/university-general/2021U54-toku4.pdf,2026-08-17T07:54:00.657600+00:00,68ed5fa610fee20aef0203561b3bb482ff30ea7a32e681214c4a83dc4d1f4a8b,1474242
2021,paper,大学生・一般の部,特別賞(審査員奨励),教育における芸術の影響 How Art and Arts Can Influence Learning,梶田 朱音(慶應義塾大学大学院健康マネジメント研究科) 松山 晃之(株式会社 J Institute),,https://www.nstac.go.jp/sys/files/sites/3/static/statcompe/files/2021/2021U55-toku5.pdf,references/awards/raw/2021/university-general/2021U55-toku5.pdf,2026-08-17T07:54:00.657600+00:00,71dfddf29140a8de3f99e149d8d609612f41e651102387c9d61762dc019c5cef,2840509
2022,judging_summary,共通,,論文審査会 総評,,,https://www.nstac.go.jp/sys/files/sites/3/static/statcompe/files/2022/2022C-comment.pdf,references/awards/raw/2022/common/2022C-comment.pdf,2026-08-17T07:54:07.486571+00:00,3f0fed73ca7602fe84214994f4d74fddff849e8e707afa4b6a077ca8db9a8fcb,200308
2022,paper,高校生の部,総務大臣賞,体力が基礎学力に与える影響について,太佐 美結(フェリス女学院高等学校) 個別の体力テストの点数から抽出した体力因子が学力に与えている影響を分析し、家庭の経済力や学習環境なども含めた学力との関連性を明らかにすることで、小中学生の運動意欲の低下防止や、運動や学習を行う動機付けについて示した。,,https://www.nstac.go.jp/sys/files/sites/3/static/statcompe/files/2022/2022H1-daijin.pdf,references/awards/raw/2022/high-school/2022H1-daijin.pdf,2026-08-17T07:54:07.486571+00:00,439374b6cf2e408d106b6135535c29775436c7b060e653ac4bc9e80675c29124,1292682
2022,paper,高校生の部,優秀賞,ボランティア活動の決定要因,今泉 開(慶應義塾高等学校) 都道府県別のボランティア活動率を用い、重回帰分析や散布図を用いた分析を行うことで、ボランティア活動の決定要因が都道府県単位で存在し、その決定要因がそれぞれのボランティア活動に大きな影響を与えることを示した。,,https://www.nstac.go.jp/sys/files/sites/3/static/statcompe/files/2022/2022H2-yushu.pdf,references/awards/raw/2022/high-school/2022H2-yushu.pdf,2026-08-17T07:54:07.486571+00:00,4bfcee0d4a8db29115f6063a4bc71e017b90071cb5100e239548f8d2c23f9b20,2091432
2022,paper,高校生の部,統計数理賞,市区町村というミクロ的視点から投票率の実態を探る,林 蔚欣(茨城県立並木中等教育学校) 市区町村別の投票率を、得票数合計と人口から計算し、それを様々な変数で回帰することにより、離婚件数や財政力指数、完全失業率、民生費割合等がマイナス、教員数等がプラスの影響であることを見出した。,,https://www.nstac.go.jp/sys/files/sites/3/static/statcompe/files/2022/2022H3-suri.pdf,references/awards/raw/2022/high-school/2022H3-suri.pdf,2026-08-17T07:54:07.486571+00:00,4e5305355db1d73779eb39b5fe2bb1a9242bda8e374a3ef9539c820e1d0d32ac,1424476
2022,paper,高校生の部,統計活用奨励賞,都市部と地方の教育格差の要因と課題 ~日本の教育現場において~,森下 達也(愛知県立一宮高等学校) 都道府県別の進学者数、県民所得、教育費支出、教育関係事業所数等を用い、都道府県別の教育格差やその要因を分析するとともに、教育のデジタル化として、県別のデジタル教科書整備率や電子黒板整備率を比較し、都市部におけるデジタル整備が進んでいないことを示した。,,https://www.nstac.go.jp/sys/files/sites/3/static/statcompe/files/2022/2022H4-katsuyo.pdf,references/awards/raw/2022/high-school/2022H4-katsuyo.pdf,2026-08-17T07:54:07.486571+00:00,c10bf5292fa1f18f8aef80adfa85741e2fec8447eb754af940cdd68665303c1b,1181029
2022,paper,高校生の部,審査員奨励賞,「文化」を通し生活を豊かにするには,浅野 心春(神戸大学附属中等教育学校),,https://www.nstac.go.jp/sys/files/sites/3/static/statcompe/files/2022/2022H5-shorei-01.pdf,references/awards/raw/2022/high-school/2022H5-shorei-01.pdf,2026-08-17T07:54:07.486571+00:00,9783a874ab12ddb7515843db4cd9478dcd70c6434ce6d9a89bbb4202d9365877,588225
2022,paper,高校生の部,審査員奨励賞,待機児童問題の原因究明と解決策の提示,岩城 早良、田中 里花(お茶の水女子大学附属高等学校),,https://www.nstac.go.jp/sys/files/sites/3/static/statcompe/files/2022/2022H5-shorei-02.pdf,references/awards/raw/2022/high-school/2022H5-shorei-02.pdf,2026-08-17T07:54:07.486571+00:00,a13b619bae928be3bfe9e591486833ab051661e45ef521d81e28aa354114a861,1003360
2022,paper,高校生の部,審査員奨励賞,高校生におけるヤングケアラーに対する認識について,後藤 颯太、島野 真緒、村川 莉奈(岡山県立倉敷青陵高等学校),,https://www.nstac.go.jp/sys/files/sites/3/static/statcompe/files/2022/2022H5-shorei-03.pdf,references/awards/raw/2022/high-school/2022H5-shorei-03.pdf,2026-08-17T07:54:07.486571+00:00,28150d82515c4c407645956278cf7e71d087cd52838e1e36776f685cdffce665,1340139
2022,paper,高校生の部,審査員奨励賞,地方自治のDX化推進,佐伯 晃希(香川県立高松商業高等学校),,https://www.nstac.go.jp/sys/files/sites/3/static/statcompe/files/2022/2022H5-shorei-04.pdf,references/awards/raw/2022/high-school/2022H5-shorei-04.pdf,2026-08-17T07:54:07.486571+00:00,bd5053f9ea0a5375b83add03e6337bd55c51fb4d593a64950d4322052f84ef71,1941304
2022,paper,高校生の部,審査員奨励賞,過疎化と地域おこし,阪口 一ノ佑、髙島 壮、田中 初芽、寺田 哲了、廣岡 遥羽(兵庫県立姫路西高等学校),,https://www.nstac.go.jp/sys/files/sites/3/static/statcompe/files/2022/2022H5-shorei-05.pdf,references/awards/raw/2022/high-school/2022H5-shorei-05.pdf,2026-08-17T07:54:07.486571+00:00,4f5b8b5e8d03ba6abf81dfa3ce36786cdb4b1ef41d0f94a00f3bade2a653dda3,1559006
2022,paper,高校生の部,審査員奨励賞,景気の変動要因と景気の変動による影響の分析,佐々木 俊輔、鈴木 櫂人(東京都立大泉高等学校),,https://www.nstac.go.jp/sys/files/sites/3/static/statcompe/files/2022/2022H5-shorei-06.pdf,references/awards/raw/2022/high-school/2022H5-shorei-06.pdf,2026-08-17T07:54:07.486571+00:00,28a11d31359edc02e4c4d7699e22d6867806a617e8a3a8673138de5487d1b687,1500806
2022,paper,高校生の部,審査員奨励賞,新型コロナウイルス感染者数減少において効率的な政策の検討,篠田 桜楽(品川女子学院高等部),,https://www.nstac.go.jp/sys/files/sites/3/static/statcompe/files/2022/2022H5-shorei-07.pdf,references/awards/raw/2022/high-school/2022H5-shorei-07.pdf,2026-08-17T07:54:07.486571+00:00,85b4e85a3601c5f13e9f528771eb64017b0ea04658873f1c44e4b44f722ae8e4,1093562
2022,paper,高校生の部,審査員奨励賞,若者の投票率向上のカギを探る,嶌田 誉( Westminster School ),,https://www.nstac.go.jp/sys/files/sites/3/static/statcompe/files/2022/2022H5-shorei-08.pdf,references/awards/raw/2022/high-school/2022H5-shorei-08.pdf,2026-08-17T07:54:07.486571+00:00,e43c803f240e49c4686bcf5ead421a50022be0ff2eb5aad0385eae1b30e368a5,724474
2022,paper,高校生の部,審査員奨励賞,持続可能な観光,玉岡 咲季(香川県立高松商業高等学校),,https://www.nstac.go.jp/sys/files/sites/3/static/statcompe/files/2022/2022H5-shorei-09.pdf,references/awards/raw/2022/high-school/2022H5-shorei-09.pdf,2026-08-17T07:54:07.486571+00:00,792cdd55ef61a9fe953d085deeba86a0e5cdf583be3b93503d0ac14dc1912c9f,1560594
2022,paper,高校生の部,審査員奨励賞,増減数から見るうつ病の要因,塚田 梢太(愛知工業大学名電高等学校),,https://www.nstac.go.jp/sys/files/sites/3/static/statcompe/files/2022/2022H5-shorei-10.pdf,references/awards/raw/2022/high-school/2022H5-shorei-10.pdf,2026-08-17T07:54:07.486571+00:00,3817bf24f75e3655360a91d6fb6c6b095794ca677a98ba9b722ad5553b666109,1199090
2022,paper,高校生の部,審査員奨励賞,オンラインゲームと犯罪の関係,中川 紗喜、佐原 凛、松永 梨那、田浦 亜美、小島 有加(愛知県立東海樟風高等学校),,https://www.nstac.go.jp/sys/files/sites/3/static/statcompe/files/2022/2022H5-shorei-11.pdf,references/awards/raw/2022/high-school/2022H5-shorei-11.pdf,2026-08-17T07:54:07.486571+00:00,b15c7b938bd733ded58943149626c14103d03a60612131522a76d7f3889b9136,785721
2022,paper,高校生の部,審査員奨励賞,脱炭素社会に向けてサステナブルなまちづくりをしていくためには?,中谷 祐貴、佐竹 正裕、北原 櫂人(聖学院高等学校),,https://www.nstac.go.jp/sys/files/sites/3/static/statcompe/files/2022/2022H5-shorei-12.pdf,references/awards/raw/2022/high-school/2022H5-shorei-12.pdf,2026-08-17T07:54:07.486571+00:00,df4705491a8248a017e21dda28cc3812de4f55b7b744d9b2cc8621a66c282722,3029035
2022,paper,高校生の部,審査員奨励賞,英語力と相関があるものは何か,野村 成那、川田 ののか、小林 菜央華、藤田 雄大、本家 茉桜(兵庫県立姫路西高等学校),,https://www.nstac.go.jp/sys/files/sites/3/static/statcompe/files/2022/2022H5-shorei-13.pdf,references/awards/raw/2022/high-school/2022H5-shorei-13.pdf,2026-08-17T07:54:07.486571+00:00,a7e0efb9f0bfa2475551224fbba1fd415fef92f3d0fa9a3b29bf339874589b9e,1952152
2022,paper,高校生の部,審査員奨励賞,日本の教育現場の課題と教育の質向上,三原 大輝(香川県立高松商業高等学校),,https://www.nstac.go.jp/sys/files/sites/3/static/statcompe/files/2022/2022H5-shorei-14.pdf,references/awards/raw/2022/high-school/2022H5-shorei-14.pdf,2026-08-17T07:54:07.486571+00:00,d9b9f293a74e41c3637263e892ceabd9b49dd5cbdc528331c51af38c4b6bce8d,2345101
2022,paper,高校生の部,審査員奨励賞,女性の流出を防ぐことが地方の活性化? ~私立大学を充実させて県外流出を阻め~,三宅 由希子、吉政 陽菜、福田 竣太(香川県立観音寺第一高等学校),,https://www.nstac.go.jp/sys/files/sites/3/static/statcompe/files/2022/2022H5-shorei-15.pdf,references/awards/raw/2022/high-school/2022H5-shorei-15.pdf,2026-08-17T07:54:07.486571+00:00,21a78a00157e3415d76d53aed4f136b0a8e2c1e223a373bb92ede69f62e32da4,1780993
2022,paper,高校生の部,審査員奨励賞,ドクターヘリの効率の良い配置を考える,明珍 若那、山口 陽由佳、山田 優芽、山本 紗綾、渡邉 晴香(兵庫県立姫路西高等学校),,https://www.nstac.go.jp/sys/files/sites/3/static/statcompe/files/2022/2022H5-shorei-16.pdf,references/awards/raw/2022/high-school/2022H5-shorei-16.pdf,2026-08-17T07:54:07.486571+00:00,33c175cacf4a7d263b8f774d1093f59ceb9510474a5092bcdbbaabdf0744c2ab,1345930
2022,paper,大学生・一般の部,総務大臣賞,パンデミックは人流をどう変えたか ―地域の特性別に―,大古 一聡、西川 直輝(東京大学大学院情報理工学系研究科) 都道府県別の人流データを用い、移動距離やサービス業割合、旅館数等で重力モデルによる回帰分析を行い、新型コロナウイルス感染症による影響で長距離移動やサービス業・観光業の盛んな地域への移動が減ったことを示した。,,https://www.nstac.go.jp/sys/files/sites/3/static/statcompe/files/2022/2022U1-daijin.pdf,references/awards/raw/2022/university-general/2022U1-daijin.pdf,2026-08-17T07:54:07.486571+00:00,ef121b14df7d3c52c0586d1e1c0629c40110d5c15d80840f2a19de25838c3182,1059909
2022,paper,大学生・一般の部,優秀賞,社会保障政策と犯罪の関係 ―都道府県パネルデータによる実証分析―,TENG YU ZHE(青森中央学院大学経営法学部) 都道府県別データにより、犯罪件数を生活保護人員数割合、進学率、失業率等の変数で回帰し、社会保障政策が充実すれば犯罪が減ることを示した。,,https://www.nstac.go.jp/sys/files/sites/3/static/statcompe/files/2022/2022U2-yushu.pdf,references/awards/raw/2022/university-general/2022U2-yushu.pdf,2026-08-17T07:54:07.486571+00:00,227c8d36e4b9d88cd526c84908d97a3be97a4e3c36571546e32e5d74fa5e0840,467368
2022,paper,大学生・一般の部,統計数理賞,リサイクル活動に対する地域・政策要因の研究 -主成分分析・階層的クラスタリングを用いた市町村別分析,小関 敦生、黒須 咲菜、杉本 果穂、守木 悠太郎、森田 花梨(静岡大学情報学部) 宇留賀 大誠(静岡大学大学院総合科学技術研究科) 市町村単位のデータを用い、主成分分析とクラスター分析を組み合わせた都市分類を行った上で、リサイクル率に関して重回帰分析を行い、産業規模の拡大が都市群によってリサイクル率に影響を及ぼすことを示した。,,https://www.nstac.go.jp/sys/files/sites/3/static/statcompe/files/2022/2022U3-suri.pdf,references/awards/raw/2022/university-general/2022U3-suri.pdf,2026-08-17T07:54:07.486571+00:00,04ea57e8046086e403cacb3dc55906a467d918fee8c791cd8238019b576d5e69,1904183
2022,paper,大学生・一般の部,統計活用奨励賞,生活系ごみ排出量と事業系ごみ排出量による回帰分析,原 明美(東京理科大学理学部第二部) 都道府県別パネルデータを用い、ごみ排出量と各種変数の関係を分析し、1人当たり県内総生産やごみリサイクル率が生活系ごみ排出量と事業系ごみ排出量にプラスの影響を与えることを見出した。,,https://www.nstac.go.jp/sys/files/sites/3/static/statcompe/files/2022/2022U4-katsuyo.pdf,references/awards/raw/2022/university-general/2022U4-katsuyo.pdf,2026-08-17T07:54:07.486571+00:00,4bea6dbb05899355f16d1f7c3bcfa52ab7264aec01b9c5c9a548a93275f2735e,2183908
2022,paper,大学生・一般の部,審査員奨励賞,パネルデータを用いた空き家に関する要因分析,青樹 香乃、五十嵐 歩美、高安 茉有沙、島田 壮(南山大学総合政策学部),,https://www.nstac.go.jp/sys/files/sites/3/static/statcompe/files/2022/2022U5-shorei-01.pdf,references/awards/raw/2022/university-general/2022U5-shorei-01.pdf,2026-08-17T07:54:07.486571+00:00,9d239aca9868368f695193d1a72101953f39521ce9d376dd6ccf6078722afaad,946074
2022,paper,大学生・一般の部,審査員奨励賞,東日本大震災後の避難生活と健康影響,浅井 惇志、高木 伸也、松田 美奈(名古屋市立大学経済学部),,https://www.nstac.go.jp/sys/files/sites/3/static/statcompe/files/2022/2022U5-shorei-02.pdf,references/awards/raw/2022/university-general/2022U5-shorei-02.pdf,2026-08-17T07:54:07.486571+00:00,47aa42d7de91e7b413262b4746fa7093177759a44db957d953b4ed40de95506e,786113
2022,paper,大学生・一般の部,審査員奨励賞,建物火災発生率予測モデルの構築および発生率の決定要因分析,猪田 尚希(横浜国立大学経済学部),,https://www.nstac.go.jp/sys/files/sites/3/static/statcompe/files/2022/2022U5-shorei-03.pdf,references/awards/raw/2022/university-general/2022U5-shorei-03.pdf,2026-08-17T07:54:07.486571+00:00,c3e77a573962c18367e0677dfe5d0d660fca8e2516bda3271227c288a1d99d67,2341510
2022,paper,大学生・一般の部,審査員奨励賞,"味覚から眺める地域別「ふるさとの味」 -関西が薄味,関東が濃い味は本当なのか",大塩 浩輝(東京理科大学経営学部),,https://www.nstac.go.jp/sys/files/sites/3/static/statcompe/files/2022/2022U5-shorei-04.pdf,references/awards/raw/2022/university-general/2022U5-shorei-04.pdf,2026-08-17T07:54:07.486571+00:00,dc38ffbf3df97ad38701a16b4d395cb85352ca3c2c2e168302b5d7cc43fbf2f4,890490
2022,paper,大学生・一般の部,審査員奨励賞,日本の電力需要量の影響調査,北村 宙士、杉澤 直斗(名古屋大学大学院創薬科学研究科),,https://www.nstac.go.jp/sys/files/sites/3/static/statcompe/files/2022/2022U5-shorei-05.pdf,references/awards/raw/2022/university-general/2022U5-shorei-05.pdf,2026-08-17T07:54:07.486571+00:00,e6154be320560606d803825f03de45eba4e1a117cf5a86355866756a4c7ee094,887048
2022,paper,大学生・一般の部,審査員奨励賞,周辺環境からみた新型コロナウイルス感染症の要因分析,桑名 聖人、松岡 一樹(早稲田大学政治経済学部),,https://www.nstac.go.jp/sys/files/sites/3/static/statcompe/files/2022/2022U5-shorei-06.pdf,references/awards/raw/2022/university-general/2022U5-shorei-06.pdf,2026-08-17T07:54:07.486571+00:00,7c5e81083c6cc9f8bf1c17b7ef6edf1d69fc99a6689e6e7b53f4bfe76635ac45,653021
2022,paper,大学生・一般の部,審査員奨励賞,市町村予算から見る社会増減の時系列要因分析,佐々木 孝広、鈴木 真生、横井 智広、山下 俊介、片岡 龍太郎(株式会社日経リサーチ ソリューション本部),,https://www.nstac.go.jp/sys/files/sites/3/static/statcompe/files/2022/2022U5-shorei-07.pdf,references/awards/raw/2022/university-general/2022U5-shorei-07.pdf,2026-08-17T07:54:07.486571+00:00,2b79dad6e37ada38584d865f0096c7fcb28c5032d32ec188f913d5a3e60ff5b7,831485
2022,paper,大学生・一般の部,審査員奨励賞,欠測値を含むパネルデータを用いた健康寿命の要因分析,高須 尚哉、近藤 雅哉、山中 美幸、丹羽 美歩(南山大学総合政策学部),,https://www.nstac.go.jp/sys/files/sites/3/static/statcompe/files/2022/2022U5-shorei-08.pdf,references/awards/raw/2022/university-general/2022U5-shorei-08.pdf,2026-08-17T07:54:07.486571+00:00,a3414d6818d0cb99f8fce2ada74d3034eb7dcf2329f54aeaa8eadf4dcf828896,2008852
2022,paper,大学生・一般の部,審査員奨励賞,日本の出生率に関するパネルデータ分析 ―男性の育児参加と女性社会進出の重要性―,中根 智樹(同志社大学経済学部),,https://www.nstac.go.jp/sys/files/sites/3/static/statcompe/files/2022/2022U5-shorei-09.pdf,references/awards/raw/2022/university-general/2022U5-shorei-09.pdf,2026-08-17T07:54:07.486571+00:00,2f7c9e6c9e0ef6ee25093950fa016ed27894d414e978609b95e495bf7f02d4b6,1055988
2022,paper,大学生・一般の部,審査員奨励賞,大学進学率の決定要因における地理的異質性に関する分析,納家 享佑、河野 暁光、千田 琢真(東北大学大学院経済学研究科),,https://www.nstac.go.jp/sys/files/sites/3/static/statcompe/files/2022/2022U5-shorei-10.pdf,references/awards/raw/2022/university-general/2022U5-shorei-10.pdf,2026-08-17T07:54:07.486571+00:00,111e093a1d1b4ff6907ccfa55cd979c639ef7aa9ebfe46d1a2698ce7cb315162,2396124
2022,paper,大学生・一般の部,審査員奨励賞,地域格差から見る人口移動,野村 京加(名古屋市立大学経済学部),,https://www.nstac.go.jp/sys/files/sites/3/static/statcompe/files/2022/2022U5-shorei-11.pdf,references/awards/raw/2022/university-general/2022U5-shorei-11.pdf,2026-08-17T07:54:07.486571+00:00,9e514e8017016e8069af71cd19d7cbac0913bf6a767f7b665d2940ae01cd5042,528920
2022,paper,大学生・一般の部,審査員奨励賞,操作変数法を用いた精神疾患の要因分析,増田 涼音、加藤 風歌、杉原 朱音、杉山 巧(南山大学総合政策学部),,https://www.nstac.go.jp/sys/files/sites/3/static/statcompe/files/2022/2022U5-shorei-12.pdf,references/awards/raw/2022/university-general/2022U5-shorei-12.pdf,2026-08-17T07:54:07.486571+00:00,8e5517f1ba641d32d5bd5d2ae06a9002c95634729eb4f4aac810eed502f328b2,627051
2022,paper,大学生・一般の部,審査員奨励賞,幸福度の年代別決定要因の比較,三原 龍、内野 宏紀、小島 慈子、八木 真大朗(青山学院大学経済学部),,https://www.nstac.go.jp/sys/files/sites/3/static/statcompe/files/2022/2022U5-shorei-13.pdf,references/awards/raw/2022/university-general/2022U5-shorei-13.pdf,2026-08-17T07:54:07.486571+00:00,9eed2b363d005f12c3c486e0570b8278708d1dff145f88a1eab66a8522b8cbb7,1199073
2022,paper,大学生・一般の部,審査員奨励賞,最低賃金の要因分析,山田 渉生、石川 真冬(早稲田大学政治経済学部) 金山 隼人(早稲田大学大学院経済学研究科),,https://www.nstac.go.jp/sys/files/sites/3/static/statcompe/files/2022/2022U5-shorei-14.pdf,references/awards/raw/2022/university-general/2022U5-shorei-14.pdf,2026-08-17T07:54:07.486571+00:00,ad1677250ab5f1a8df20053bb1073fc0ca7f749532a8291b0fcee6f91c365e1b,779651
2022,paper,大学生・一般の部,審査員奨励賞,IT社会が生み出す連鎖する格差,山邊 璃久(信州大学大学院総合理工学研究科),,https://www.nstac.go.jp/sys/files/sites/3/static/statcompe/files/2022/2022U5-shorei-15.pdf,references/awards/raw/2022/university-general/2022U5-shorei-15.pdf,2026-08-17T07:54:07.486571+00:00,c888b9ec417392b6fe2def39d668aa6fd0b5ea5049551dc2fb84e1bf1496218a,2470436
2022,paper,大学生・一般の部,審査員奨励賞,住宅価格の格差と影響を与える要因:空間パネルモデルに基づく研究,李 佳奇、華 振雄(名古屋大学大学院国際開発研究科),,https://www.nstac.go.jp/sys/files/sites/3/static/statcompe/files/2022/2022U5-shorei-16.pdf,references/awards/raw/2022/university-general/2022U5-shorei-16.pdf,2026-08-17T07:54:07.486571+00:00,b42a41ab0cf7cec8cadd6b784574b4f55835f7b60e3b501973a93b383b1e9346,908228
2023,judging_summary,共通,,論文審査会 総評,,,https://www.nstac.go.jp/sys/files/sites/3/2023C-comment.pdf,references/awards/raw/2023/common/2023C-comment.pdf,2026-08-17T07:54:19.375524+00:00,987053ea613e01bf7f0ebbafe9e0a522e5e1b77f55b3f7063bddbd0306c1143d,152972
2023,paper,高校生の部,総務大臣賞,生活の形態と女性の社会進出,杉山 輝恵(愛知県立岡崎高等学校) 女性の社会進出に影響を与える要因を勤続年数、正規雇用率、管理職有職率の3つの目的変数それぞれから分析し、雇用環境や住居環境ではなく、育児支援や介護支援などの公的生活要因に属する社会制度が大きく関わっていることを示した。,,https://www.nstac.go.jp/sys/files/sites/3/2023H1-daijin.pdf,references/awards/raw/2023/high-school/2023H1-daijin.pdf,2026-08-17T07:54:19.375524+00:00,897f05427b0d83a357f08ed91251d30f4e3106de3ce16350a61a4c9a49d16f99,1274990
2023,paper,高校生の部,優秀賞,大腸がん罹患要因の探究と罹患しにくい生活の提案,鈴木 実由(慶應義塾湘南藤沢高等部) 男女の総罹患数が最も多い大腸がんに着目し、生活や環境に関するデータを用いて相関分析や重回帰分析を行うことで、どのような要素が大腸がん罹患に起因しているかを明らかにし、その結果を基に罹患しにくい生活を提案した。,,https://www.nstac.go.jp/sys/files/sites/3/2023H2-yushu.pdf,references/awards/raw/2023/high-school/2023H2-yushu.pdf,2026-08-17T07:54:19.375524+00:00,93c992aee66634417a3c96e86ca13e707734c1778917a7602c8d1d665402c815,1404581
2023,paper,高校生の部,統計数理賞,地価に関する最適モデルの構築と手法提案,柏原 昊隼、田原 睦己、大西 裕貴(雲雀丘学園高等学校) 都市部への人口集中や地方の過疎化の問題に着目し、地価データを用いて因子分析及び重回帰分析を行い、地価の高い地域に共通する因子の特徴を推定することで、地方の人口増加に貢献する要因を見出した。,,https://www.nstac.go.jp/sys/files/sites/3/2023H3-suri.pdf,references/awards/raw/2023/high-school/2023H3-suri.pdf,2026-08-17T07:54:19.375524+00:00,bcaed1e85c258d29c9ee6a3c7c7638c708c4362781323ba77c2d89f3f375ac9b,663535
2023,paper,高校生の部,統計活用奨励賞,独自指標作成による地方創生の方法論と兵庫県活性化の提案,衣川 凌太、中島 琉士、穂積 佑季、丸山 晃平、盈 優真(兵庫県立姫路西高等学校) 自身が生活する兵庫県を題材に、地方創生・活性化を目指し、様々なデータを用いて新たな指標を作成しクラスター分析や主成分分析を行うことで、地域の課題を発見し、兵庫県活性化の施策提言を行った。,,https://www.nstac.go.jp/sys/files/sites/3/2023H4-katsuyo.pdf,references/awards/raw/2023/high-school/2023H4-katsuyo.pdf,2026-08-17T07:54:19.375524+00:00,8c995770f2a9de6ad432d2a53cd8830b127f2172bf68e7cb25b5ef404a2c5a8a,5069550
2023,paper,高校生の部,審査員奨励賞,日本人の英語能力の実態とその背景 ~諸外国と比較して〜,大池 一葉(愛知県立一宮高等学校),,https://www.nstac.go.jp/sys/files/sites/3/2023H5-shorei-01.pdf,references/awards/raw/2023/high-school/2023H5-shorei-01.pdf,2026-08-17T07:54:19.375524+00:00,2398c763429a5bc6cf18980a592558fae18d93fb810b2416233cff0187fe2a1f,2147822
2023,paper,高校生の部,審査員奨励賞,都道府県ごとの学力の差,清水 幹太郎(早稲田実業学校高等部),,https://www.nstac.go.jp/sys/files/sites/3/2023H5-shorei-02.pdf,references/awards/raw/2023/high-school/2023H5-shorei-02.pdf,2026-08-17T07:54:19.375524+00:00,a4c6570274927ac8217b36093133bd4f7c3adcf456fb760d852f06bedaca5a54,1540887
2023,paper,高校生の部,審査員奨励賞,熱中症を防ごう!,堀 くるみ(愛知県立一宮高等学校),,https://www.nstac.go.jp/sys/files/sites/3/2023H5-shorei-03.pdf,references/awards/raw/2023/high-school/2023H5-shorei-03.pdf,2026-08-17T07:54:19.375524+00:00,6bb0cddc503f6dc5cd5cc6396891d25b0af34dacfeab2c1a464c2102c9b1d582,2352702
2023,paper,高校生の部,審査員奨励賞,海水温からの降水量予測を目指して,三島 光太郎、石井 沙英、岸本 理央、宮本 賢一郎、八木 琳太郎(兵庫県立姫路西高等学校),,https://www.nstac.go.jp/sys/files/sites/3/2023H5-shorei-04.pdf,references/awards/raw/2023/high-school/2023H5-shorei-04.pdf,2026-08-17T07:54:19.375524+00:00,460a619ea502a4e73542afe75a956ecfbde80953f82eed51d559a89661c0c070,556021
2023,paper,高校生の部,審査員奨励賞,日本の食料自給率を上げるために,水野 怜(愛知県立一宮高等学校),,https://www.nstac.go.jp/sys/files/sites/3/2023H5-shorei-05.pdf,references/awards/raw/2023/high-school/2023H5-shorei-05.pdf,2026-08-17T07:54:19.375524+00:00,52b0bd38aa0d07afeab000b604dee39a1ba10d085f5eab96e3131a94a05649a6,1063180
2023,paper,高校生の部,審査員奨励賞,兵庫県の宝「いかなご」を守る,宮川 航、三笠 心菜、百瀨 泉里、山本 祐生、安岡 和希(兵庫県立姫路西高等学校),,https://www.nstac.go.jp/sys/files/sites/3/2023H5-shorei-06.pdf,references/awards/raw/2023/high-school/2023H5-shorei-06.pdf,2026-08-17T07:54:19.375524+00:00,fc4b76dce17c562ffd47e5c5faaa2f022aedf97c71dac6d208134d6213963ee5,2075275
2023,paper,大学生・一般の部,総務大臣賞,小中学生の不登校率における環境要因分析,廣野 准貴、藤井 優菜、山下 航、吉本 正崇(南山大学総合政策学部総合政策学科) 小中学生の不登校の要因について家庭環境、学校環境、地域環境から分析を行い、小中学生ともに家計支出に占める教育費割合と高校進学率が低いほど不登校率の上昇に影響があることや、中学生では転校が影響を与えることを示した。,,https://www.nstac.go.jp/sys/files/sites/3/2023U1-daijin.pdf,references/awards/raw/2023/university-general/2023U1-daijin.pdf,2026-08-17T07:54:19.375524+00:00,dd1bc6b7fa22a73afcfc6ab06dbe3fd5e88f56f7cce50590bc91e673f23bdc7d,1593904
2023,paper,大学生・一般の部,優秀賞,市町村費負担教員任用の規定要因 ―ハードルモデルを用いた多変量解析から―,菊地原 守(名古屋大学大学院教育発達科学研究科) 市町村費負担教員制度に着目し、市町村別のデータを用いて回帰分析や検定を行うことで、自治体が市町村費負担教員の任用を規定する要因について明らかにするとともに、これからの教育政策のあり方を示唆した。,,https://www.nstac.go.jp/sys/files/sites/3/2023U2-yushu.pdf,references/awards/raw/2023/university-general/2023U2-yushu.pdf,2026-08-17T07:54:19.375524+00:00,d06d51a75381eaab2936236f7b69a99eb11b29a3f9df508125f7e932d1843b6e,558991
2023,paper,大学生・一般の部,統計数理賞,CO 2 排出特性と地域特性の関係 ―2050年カーボンニュートラルの実現に向けて―,宮部 美月、戴 士淵(日本電子専門学校AIシステム科) カーボンニュートラル社会に向けた取組が進む中、地域特性ごとのCO 2 排出量について、市区町村のCO 2 排出特性に基づいた市区町村の類型化を行い様々な分析を行うことで、地域特性との相互関係やCO 2 排出特性の規定要因を明らかにした。,,https://www.nstac.go.jp/sys/files/sites/3/2023U3-suri.pdf,references/awards/raw/2023/university-general/2023U3-suri.pdf,2026-08-17T07:54:19.375524+00:00,c937cbfea3027d425b3a83cec709d967292efbe2215b9c156484b38891b936dc,872835
2023,paper,大学生・一般の部,統計活用奨励賞,行動制限下における家計消費の変化に伴う経済波及効果の算出,井手 健太(法政大学大学院経済学研究科/東京都総務局統計部調整課) 山口 真菜(東京都総務局統計部調整課) 新型コロナウィルス感染症に伴う行動制限下で人々の消費にどのような変化があったか、またどのような経済波及効果があったか家計調査のデータを用いて分析を行い、家計消費支出や生産誘発額が大きく減少したことを示した。,,https://www.nstac.go.jp/sys/files/sites/3/2023U4-katsuyo.pdf,references/awards/raw/2023/university-general/2023U4-katsuyo.pdf,2026-08-17T07:54:19.375524+00:00,7f561727f7ef962cf9b96fa5240b8a148d852e390a5748197a5661e7bf66eb38,814730
2023,paper,大学生・一般の部,審査員奨励賞,パネルデータを用いた進学と就職時による人口流出の要因分析,大河内 菜月(東海大学大学院理学研究科),,https://www.nstac.go.jp/sys/files/sites/3/2023U5-shorei-01.pdf,references/awards/raw/2023/university-general/2023U5-shorei-01.pdf,2026-08-17T07:54:19.375524+00:00,cd03b6128c2c52dbed2be380e5e76f55de7edc9ed19fab95271145596d345126,1573256
2023,paper,大学生・一般の部,審査員奨励賞,変数重要度に着目したクラスタリングによる社会構造と睡眠時間の関係性の解析,薫田 千雪、髙橋 希帆(千葉工業大学先進工学部知能メディア工学科),,https://www.nstac.go.jp/sys/files/sites/3/2023U5-shorei-02.pdf,references/awards/raw/2023/university-general/2023U5-shorei-02.pdf,2026-08-17T07:54:19.375524+00:00,46b88f731516c8cce709bb057d9452aca4209fccf5ae492c5d540bc6fc2f9b12,725555
2023,paper,大学生・一般の部,審査員奨励賞,「英語教育実施状況調査をエビデンス生成に繋げるための探究」 ~二項ロジスティック回帰モデルの係数解釈による英語力の地域間比較~,門田 直道(宮崎県教職員 高等学校英語科教諭),,https://www.nstac.go.jp/sys/files/sites/3/2023U5-shorei-03.pdf,references/awards/raw/2023/university-general/2023U5-shorei-03.pdf,2026-08-17T07:54:19.375524+00:00,e850d441b3fa49ea7776248b27dfc2ebe649e210367aec111a65a75ad262830c,2894425
2023,paper,大学生・一般の部,審査員奨励賞,都道府県別のパネルデータを用いた合計特殊出生率の決定要因 ―地域差と女性の時間選択がどう影響しているか―,出川 朋佳、近藤 七海、玉木 由梨、山本 桃子(東洋英和女学院大学国際社会学部国際社会学科),,https://www.nstac.go.jp/sys/files/sites/3/2023U5-shorei-04.pdf,references/awards/raw/2023/university-general/2023U5-shorei-04.pdf,2026-08-17T07:54:19.375524+00:00,3d719169bb1b4a74a32155fdf5bc12d42a1b59fd96f08f48197029cec6190796,924617
2023,paper,大学生・一般の部,審査員奨励賞,市区町村ごとの失業率の要因分析,富張 聡祥(東京大学理学部情報科学科),,https://www.nstac.go.jp/sys/files/sites/3/2023U5-shorei-05.pdf,references/awards/raw/2023/university-general/2023U5-shorei-05.pdf,2026-08-17T07:54:19.375524+00:00,24f7d2140012082e574eada84a2fe7b18081de242ce18fec3d270888487c6d20,920249
2023,paper,大学生・一般の部,審査員奨励賞,子ども・子育て支援の充実は合計特殊出生率を高めるか? ―47都道府県パネルデータを用いた実証分析―,平澤 未羽、鈴木 陽翔、木村 美穂、白川 杏南、NGUYEN THI MINH QUY(青森中央学院大学経営法学部経営法学科),,https://www.nstac.go.jp/sys/files/sites/3/2023U5-shorei-06.pdf,references/awards/raw/2023/university-general/2023U5-shorei-06.pdf,2026-08-17T07:54:19.375524+00:00,26c5761a241076e7850da5cf1efe3ac0bcf5e9814315bfac934799e9e8f82233,395336
2024,judging_summary,共通,,論文審査会 総評,,,https://www.nstac.go.jp/sys/files/sites/3/2024C-comment.pdf,references/awards/raw/2024/common/2024C-comment.pdf,2026-08-17T07:54:26.205306+00:00,3facab348604952263c54434490cd667cd19eb4b6257f2124cd1f47059d9683f,719641
2024,paper,高校生の部,総務大臣賞,食の外部化における地域特性,佐々木 万悠子(雙葉高等学校) 新型コロナウイルス感染症による外出自粛の影響により、外食から中食へのシフトが進んでいる状況に着目し、都道府県庁所在市別にどのように異なるかを比較分析し、食の外部化(外食と中食)の傾向が地域により異なり、その背景は生活環境が大きく影響すると考えられることを示唆した。,,https://www.nstac.go.jp/sys/files/sites/3/2024H1-daijin.pdf,references/awards/raw/2024/high-school/2024H1-daijin.pdf,2026-08-17T07:54:26.205306+00:00,6eb858ae1843b591c2e305a76f8687f1597aefef22d2d542b3e877f85cac318d,577576
2024,paper,高校生の部,優秀賞,福祉支援を通じた過疎化対策の提案,黒木 喬士郎、井上 和幸、髙山 大綺、玉田 章人(大分工業高等専門学校情報工学科) 過疎化が進行している地域において、福祉支援が人口増加に与える影響を調査し、福祉施設の利用者割合と人口増加率の間には一貫した相関は見られなかったものの、特定の地域では福祉施設の充実が人口増加に寄与している可能性を示唆した。,,https://www.nstac.go.jp/sys/files/sites/3/2024H2-yushu.pdf,references/awards/raw/2024/high-school/2024H2-yushu.pdf,2026-08-17T07:54:26.205306+00:00,6136e5ddbbbf4bb894a9f90b31a15d3505b1fafa8467eaacbdf367c7053737f8,1706744
2024,paper,高校生の部,統計数理賞,子供の体力・運動能力,大河内 花音(愛知県立一宮高等学校) 子供の体力・運動能力の向上・低下に関係する要因を見つけるため、都道府県別に分析を行い、運動習慣が運動能力に大きな影響を与えており、運動系の習い事や外で遊びやすい環境を作ることや、生活習慣を整え学校での勉強にも力を注ぐことが、結果的に運動能力の向上につながることを示唆した。,,https://www.nstac.go.jp/sys/files/sites/3/2024H3-suri.pdf,references/awards/raw/2024/high-school/2024H3-suri.pdf,2026-08-17T07:54:26.205306+00:00,ffc135776c6ff26f2a54f28ccaae308432332ebd5bd2b024e3bf436ba52c0687,1719506
2024,paper,高校生の部,統計活用奨励賞,医療費削減に向けたスポーツ時間増加策のデータ分析,過 目今(法政大学国際高等学校) 医療費削減に向けスポーツ時間を阻害する要因を見つけるため、スポーツ行動者率とスポーツ行動者平均時間の二つについて分析し、青少年期では、睡眠時間とスポーツ時間の確保が重要であり、現役世代では、健康への危機感はスポーツをする強い動機になることや、飲みニケーションは阻害要因であることを示し、シニア世代においては、寝すぎを避けることとスポーツ仲間作りが重要であることを示した。,,https://www.nstac.go.jp/sys/files/sites/3/2024H4-katsuyo.pdf,references/awards/raw/2024/high-school/2024H4-katsuyo.pdf,2026-08-17T07:54:26.205306+00:00,dff00ae5321107a209afe4f973d266ac937482e420fff56456ce0a0880d25417,1475203
2024,paper,高校生の部,審査員奨励賞,少子化進行抑止のための家庭・社会要因の探究,稲葉 拓真(洛星高等学校),,https://www.nstac.go.jp/sys/files/sites/3/2024H5-shorei-01.pdf,references/awards/raw/2024/high-school/2024H5-shorei-01.pdf,2026-08-17T07:54:26.205306+00:00,39c3873608b51277ef099fef317ab457a998f535230cfb88416eec1815e1ff7f,1409461
2024,paper,高校生の部,審査員奨励賞,都市部とへき地の生徒間の英語能力の格差を是正するためには,井上 咲春(名古屋大学教育学部附属高等学校),,https://www.nstac.go.jp/sys/files/sites/3/2024H5-shorei-02.pdf,references/awards/raw/2024/high-school/2024H5-shorei-02.pdf,2026-08-17T07:54:26.205306+00:00,e9de4648e6b6f09f40ff1bcfa7471779aef8c21418af15b9e30ce0b8ff28f100,1361727
2024,paper,高校生の部,審査員奨励賞,学力と外見への投資に関する回帰モデルを用いた分析,倉本 佳詩野(宮崎県立五ヶ瀬中等教育学校),,https://www.nstac.go.jp/sys/files/sites/3/2024H5-shorei-03.pdf,references/awards/raw/2024/high-school/2024H5-shorei-03.pdf,2026-08-17T07:54:26.205306+00:00,8262bee42a92186c5736757253af734ec1cd2d7bfae67cb990e1cd156eca500f,732037
2024,paper,高校生の部,審査員奨励賞,う蝕罹患に関する要因の研究とよりよい生活の提案,徐 煌哲(かえつ有明高等学校),,https://www.nstac.go.jp/sys/files/sites/3/2024H5-shorei-04.pdf,references/awards/raw/2024/high-school/2024H5-shorei-04.pdf,2026-08-17T07:54:26.205306+00:00,60447f8db1677ae27ffa862db2f6d03e12a46577da1fc7a19b1218e0bbd262f6,460295
2024,paper,高校生の部,審査員奨励賞,鳥獣被害の原因と対策提案,西口 理子(愛知県立一宮高等学校),,https://www.nstac.go.jp/sys/files/sites/3/2024H5-shorei-05.pdf,references/awards/raw/2024/high-school/2024H5-shorei-05.pdf,2026-08-17T07:54:26.205306+00:00,f0dcf032335277572677938e418a7c91b5bb7a1d3ac9f04b664da54983ce516d,1211191
2024,paper,高校生の部,審査員奨励賞,顎・足・枕が多様な観光客にどのような影響を及ぼすのか,原田 理矢(鳥取城北高等学校),,https://www.nstac.go.jp/sys/files/sites/3/2024H5-shorei-06.pdf,references/awards/raw/2024/high-school/2024H5-shorei-06.pdf,2026-08-17T07:54:26.205306+00:00,c73273b530ed211448d1671b15935543c0bebc887c2a2b0aedfe6f00e8b04043,821984
2024,paper,大学生・一般の部,総務大臣賞,COVID-19の5類感染症移行後における宿泊者数損失の要因分析,中江 芙佳、緒方 奏士、山本 真大、佐々木 大地(同志社大学文化情報学部文化情報学科) 新型コロナウイルスの感染拡大により宿泊業が受けた経済的損失を都道府県単位で定量化し要因分析を行い、宿泊業を担う労働力となり得る人口の割合が高いほど損失も少なく、観光資源のタイプにより受ける損失が異なることを示唆した。,,https://www.nstac.go.jp/sys/files/sites/3/2024U1-daijin.pdf,references/awards/raw/2024/university-general/2024U1-daijin.pdf,2026-08-17T07:54:26.205306+00:00,029c06c25871946f5ec3a4c0fbcc1a8d108a6baa974d7585d837f1c9d59c4393,833261
2024,paper,大学生・一般の部,優秀賞,合計特殊出生率の決定要因の影響はコロナ禍で変化したのか,天野 葵、伊藤 愛、神谷 珠里(南山大学総合政策学部総合政策学科) 少子高齢化と新型コロナウイルスの二つの分野に焦点を当て、新型コロナウイルスが合計特殊出生率の決定要因にどのような影響を与えたのかについて分析し、コロナ禍において、一般病院数割合が出生率との相関が強くなったことや、教育費割合の増加が出生率に与えていた負の影響が弱まったことを示した。,,https://www.nstac.go.jp/sys/files/sites/3/2024U2-yushu.pdf,references/awards/raw/2024/university-general/2024U2-yushu.pdf,2026-08-17T07:54:26.205306+00:00,1cafc5d9c798540315a803424b6a3cfc68a32b0c98335661510d82dc6a0438e9,832873
2024,paper,大学生・一般の部,統計数理賞,日本における人口集中と経済成長の関係性 ―閾値回帰モデルを用いた都道府県別分析―,北岡 和真、上水 天翔、濟田 翔也、山内 菜月、山田 花帆(南山大学経済学部経済学科) 都道府県別に人口集中が経済成長に与える影響を実証分析し、人口密度が低い地域では一人当たり雇用者所得(労働生産性)の影響が大きいことから人的資本を育成することが重要であり、人口密度が高い地域では知的資本を活用することが重要であることを示唆した。,,https://www.nstac.go.jp/sys/files/sites/3/2024U3-suri.pdf,references/awards/raw/2024/university-general/2024U3-suri.pdf,2026-08-17T07:54:26.205306+00:00,b5aaba31bd0114d38a50143d4ebb62247c1bd0039daa3420dc6d09e6452559c0,461801
2024,paper,大学生・一般の部,統計活用奨励賞,金融資産購入経験の要因分析 ―金融教育、損失回避傾向、Digital Capability Index に注目して―,NGUYEN THI NGOC ANH、NGUYEN THI MINH QUY (青森中央学院大学経営法学部経営法学科) 都道府県別に人々の金融に関連する行動の違いを、金融に関する教育や理解度により説明するモデルにより推定し、金融教育の経験の有無よりも、実際に金融に関する知識の深さや判断力の高さが、金融資産の購入経験者割合を高めることを示すとともに、デジタル機器の利用可能性の高さが、株式購入等の経験者割合を高める可能性があることを示した。,,https://www.nstac.go.jp/sys/files/sites/3/2024U4-katsuyo.pdf,references/awards/raw/2024/university-general/2024U4-katsuyo.pdf,2026-08-17T07:54:26.205306+00:00,6ee75d7945fbcd4c304a2a76ee6c1c3f82cb5fcc068c236a1dcc4681bcfeddf1,531233
2024,paper,大学生・一般の部,審査員奨励賞,ごみの削減とリサイクルを推進する要因 ―環境ボランティアは、ごみ削減の効果を持つのか―,市村 遼、甲斐 千尋、松尾 倫太郎、柳内 怜子(中央大学商学部) 黒岩 陸、齋藤 来未(中央大学文学部),,https://www.nstac.go.jp/sys/files/sites/3/2024U5-shorei-01.pdf,references/awards/raw/2024/university-general/2024U5-shorei-01.pdf,2026-08-17T07:54:26.205306+00:00,efce7b83361db10dd98e90ae0b7bf3061bb9664be81f39d846b1ff89296a4165,501822
2024,paper,大学生・一般の部,審査員奨励賞,地方創生を推進する多角的複合指標の提案 ―SVM に基づく主観的でない変数選択と重み付け手法の検討―,衣川 凌太(神戸大学国際人間科学部環境共生学科),,https://www.nstac.go.jp/sys/files/sites/3/2024U5-shorei-02.pdf,references/awards/raw/2024/university-general/2024U5-shorei-02.pdf,2026-08-17T07:54:26.205306+00:00,c3aad44ff4c4815d817054477900f7f54f2236b1b5d659d9f6c2aa4e64596560,2152210
2024,paper,大学生・一般の部,審査員奨励賞,中学生の言語による表現を巡る規定要因分析 ―潜在意味解析と Elastic Net 回帰を用いた分析―,陣内 未来(九州大学大学院人間環境学府)、立山 皓基(九州大学教育学部),,https://www.nstac.go.jp/sys/files/sites/3/2024U5-shorei-03.pdf,references/awards/raw/2024/university-general/2024U5-shorei-03.pdf,2026-08-17T07:54:26.205306+00:00,4e249980bc1bf55e4aabee14c48f51018f730470e09b41392ae5b221e103a52b,731395
2024,paper,大学生・一般の部,審査員奨励賞,データ駆動型因果探索による投票率変動要因の解明 ―全1639市区町村の投票率データを使用して―,関屋 百々花(一橋大学社会学部社会学科) 上原 颯馬、橋口 裕平、馬場 健生(一橋大学商学部経営学科),,https://www.nstac.go.jp/sys/files/sites/3/2024U5-shorei-04.pdf,references/awards/raw/2024/university-general/2024U5-shorei-04.pdf,2026-08-17T07:54:26.205306+00:00,82aa4c7f286a5cdb983c47c5f8d8df7d8866ff8621680da8dbc55207e5b8dba6,424805
2024,paper,大学生・一般の部,審査員奨励賞,小学生の運動能力についての要因分析,中原 智哉、山崎 柊丞(早稲田大学基幹理工学部応用数理学科),,https://www.nstac.go.jp/sys/files/sites/3/2024U5-shorei-05.pdf,references/awards/raw/2024/university-general/2024U5-shorei-05.pdf,2026-08-17T07:54:26.205306+00:00,132108fe999679dd9e4f4393670bf986acb86d5cf487fff1b9fa109bf76878f5,639650
2024,paper,大学生・一般の部,審査員奨励賞,XAI を用いた介護業界における地域別の従業者数の就業要因に関する 一考察,宮内 弘太(一般財団法人計量計画研究所研究本部),,https://www.nstac.go.jp/sys/files/sites/3/2024U5-shorei-06.pdf,references/awards/raw/2024/university-general/2024U5-shorei-06.pdf,2026-08-17T07:54:26.205306+00:00,8b5fc96375d2468ca3e899800f8cc073cfbe230040d4d5d49d20f68c74b667a8,2975738
2025,judging_summary,共通,,論文審査会 総評,,,https://www.nstac.go.jp/sys/files/sites/3/2025C-comment.pdf.pdf,references/awards/raw/2025/common/2025C-comment.pdf.pdf,2026-08-17T07:54:32.318075+00:00,4e055fb83a175811d39961f1491dcaae6524d8488e4bdf685b1793627d05e26d,593387
2025,paper,高校生の部,総務大臣賞,医師数偏在の要因と医師数偏在の診療科偏在への影響,加藤 篤(名古屋大学教育学部附属高等学校) 医師数偏在と診療科偏在の関係性について相関分析を行い、主な診療科の全診療科に対する医師数比率をKruskal–Wallis検定及びDunn検定を用いて分析する事で医師数偏在が診療科偏在にもたらす影響を明らかにしている。,,https://www.nstac.go.jp/sys/files/sites/3/2025H1-daijin.pdf,references/awards/raw/2025/high-school/2025H1-daijin.pdf,2026-08-17T07:54:32.318075+00:00,1e4963617026caea7f1834149bb496e72ac8ce334427676c9bcca5561d6a3bd7,1029019
2025,paper,高校生の部,優秀賞,都市類型別にみる所得格差のメカニズム -主成分分析とクラスター分析による都市分析,杉野 瑠美(雲雀丘学園高等学校) 日本全体では高齢化の様相が所得に二面的な影響を与える一方、都市の類型別に分析すると所得の決定構造が質的に異なることを見出している。特に「都市規模」を示す主成分の軸は、全体分析では所得に負の影響を与えるが「単身世帯型大都市」内では正に転じるなど、所得決定要因が都市類型に依存する構造となっていることを実証している。,,https://www.nstac.go.jp/sys/files/sites/3/2025H2-yushu.pdf,references/awards/raw/2025/high-school/2025H2-yushu.pdf,2026-08-17T07:54:32.318075+00:00,0cffea77a0bef1054c34f629d160e5a7a8660fdb5d1643f680c6db09109ac2b7,776756
2025,paper,高校生の部,統計数理賞,地方移住の決定要因に関するパネルデータ分析 ーラグ効果の検証を通じてー,水本 優希(鳥取県立鳥取湖陵高等学校)、山口 晃(角川ドワンゴ学園 S高等学校) 被説明変数として都道府県ごとの転入者数を設定し、説明変数として2011年から12年分の一般病院数、老人福祉施設数、完全失業率等を用いている。説明変数が短期的効果では負に有意であるが中期的効果では正に有意であり、影響が反転することを明らかにしている。また男女別転入者数を被説明変数に設定した結果、性差による違いがあることを示している。,,https://www.nstac.go.jp/sys/files/sites/3/2025H3-suri.pdf,references/awards/raw/2025/high-school/2025H3-suri.pdf,2026-08-17T07:54:32.318075+00:00,ce62b56f4936dc98967cef6070d33a2a3306a6baa44fc0466d917d37cca21ac9,687216
2025,paper,高校生の部,統計活用奨励賞,介護職の離職率に影響する地域要因の分析と介護人材確保策の推進,勝田 花梨(江戸川学園取手高等学校) 高齢者割合は介護職の離職率に対して有意に負の影響、従業者密度は有意に正の影響があることを示すことで、高齢化が介護職の定着を促進する一方で業務負担の集中が離職を助長する可能性があることを明らかにしている。,,https://www.nstac.go.jp/sys/files/sites/3/2025H4-katsuyo.pdf,references/awards/raw/2025/high-school/2025H4-katsuyo.pdf,2026-08-17T07:54:32.318075+00:00,876da5983e2785351d90343e8dca27ab5f898ba4374c1614c9df05234c9945d8,939844
2025,paper,高校生の部,審査員奨励賞,小中高生の自殺要因についての統計的検討 ー地域差に着目したパネルデータ分析ー,佐々木 雄規(開成高等学校),,https://www.nstac.go.jp/sys/files/sites/3/2025H5-shorei-01.pdf,references/awards/raw/2025/high-school/2025H5-shorei-01.pdf,2026-08-17T07:54:32.318075+00:00,b58451111095a3b32f79fcea0502cbb2c5f34965210314d72e354b086fbfa240,728190
2025,paper,高校生の部,審査員奨励賞,自己肯定感を高める要因となる共通特徴の探求,椎名 惇気(慶應義塾湘南藤沢高等部),,https://www.nstac.go.jp/sys/files/sites/3/2025H5-shorei-02.pdf,references/awards/raw/2025/high-school/2025H5-shorei-02.pdf,2026-08-17T07:54:32.318075+00:00,b1eb1b415196faaf74161659dd34222f5cc34dc45140505f057325f03d6a7998,2514794
2025,paper,高校生の部,審査員奨励賞,消滅可能性自治体を救うには,関根 悠大(早稲田大学系属早稲田実業学校高等部),,https://www.nstac.go.jp/sys/files/sites/3/2025H5-shorei-03.pdf,references/awards/raw/2025/high-school/2025H5-shorei-03.pdf,2026-08-17T07:54:32.318075+00:00,f85df3aad54646f14f6a31056093ebf767b87d0852ebc4992d7c8b83f5f0d4d5,1293917
2025,paper,高校生の部,審査員奨励賞,5つの視点に基づく不登校の原因究明と対策,竹内 稜(早稲田大学系属早稲田実業学校高等部),,https://www.nstac.go.jp/sys/files/sites/3/2025H5-shorei-04.pdf,references/awards/raw/2025/high-school/2025H5-shorei-04.pdf,2026-08-17T07:54:32.318075+00:00,2c4026f6ff94dc586c373cbd3c25e6daba5207bb1dbc431d04dbfbb27769bc7c,820632
2025,paper,高校生の部,審査員奨励賞,都市性と医師密度・年齢調整死亡率の関連性の解析,成清 嵩憲、安部 航平、岩本 瀬璃、矢方 大獅(大分工業高等専門学校),,https://www.nstac.go.jp/sys/files/sites/3/2025H5-shorei-05.pdf,references/awards/raw/2025/high-school/2025H5-shorei-05.pdf,2026-08-17T07:54:32.318075+00:00,a2a7ced51df138035bee80af5633e1702ee427d6e62068e242a5383d5b78c8b2,869294
2025,paper,高校生の部,審査員奨励賞,合計特殊出生率の変動要因分析,松本 春飛(京華高等学校),,https://www.nstac.go.jp/sys/files/sites/3/2025H5-shorei-06.pdf,references/awards/raw/2025/high-school/2025H5-shorei-06.pdf,2026-08-17T07:54:32.318075+00:00,29b3f700609a7f9a5589bade3badc869d3e3254ee4525f9f64e7fa1c2be76050,1601312
2025,paper,大学生・一般の部,総務大臣賞,何が女性議員比率を左右するのか ―東京特別区議会を対象にしたパネルデータ分析―,永渕 真緒(津田塾大学総合政策学部総合政策学科) 女性の投票率が男性よりも高い地域では女性議員が増加する傾向にあり、投票率の性差が有意な正の効果を示すこと、また、Hausman 検定により女性議員比率を説明する変数と個別効果との間に相関関係があることを明らかにしている。,,https://www.nstac.go.jp/sys/files/sites/3/2025U1-daijin.pdf,references/awards/raw/2025/university-general/2025U1-daijin.pdf,2026-08-17T07:54:32.318075+00:00,54e66dcbb6ebc8fbb5324c3f5531427fa8350de322998c89133d5b7b8d39ff82,999281
2025,paper,大学生・一般の部,優秀賞,教員の精神疾患休職の要因と教育政策への示唆,大野 恒平(新潟大学経済科学部総合経済学科) 時系列分析では不登校と休職にグレンジャー因果性、インパルス応答関数から休職への影響を確認することで、児童や家庭側の意識や取り組みが向上すれば教員の負担が減り、休職も減る可能性を示唆する結果を得ている。,,https://www.nstac.go.jp/sys/files/sites/3/2025U2-yushu.pdf,references/awards/raw/2025/university-general/2025U2-yushu.pdf,2026-08-17T07:54:32.318075+00:00,19251d8c7460263695033cb7e307a892630eaf5509a53626872e3e6374038cae,1679526
2025,paper,大学生・一般の部,統計数理賞,クラスタリングを用いた男子中学生の持久力低下の要因特定,新井 陽登、陸 家傑、宮下 真翔(上智大学大学院理工学研究科) 岡田 蒼未、柴田 悠生(上智大学理工学部情報理工学科) 生徒の肥満率、運動部の加入率、朝食を毎日食べるという生活習慣が持久力に有意な影響を与える主要因であること、クラスタリングにより都道府県が「標準型」「生活習慣課題型」「食文化・環境要因型」に分類できることを明らかにしている。,,https://www.nstac.go.jp/sys/files/sites/3/2025U3-suri.pdf,references/awards/raw/2025/university-general/2025U3-suri.pdf,2026-08-17T07:54:32.318075+00:00,a856953d263f01ce7c43ca5472ec7a609b60bb07ffb499bb0ba8a0c916a3771b,796398
2025,paper,大学生・一般の部,統計活用奨励賞,日本におけるMRI設置の現状と過剰導入の実証的検証,川村 結愛、磯﨑 結希、鍛治 和香、濱田 侑弥、宮脇 渉多 (大阪経済大学経済学部経済学科) 多くの市町村ではMRIの設置台数が概ね最適であるが、一部地域では大幅な過剰設置が確認されており、過剰導入は都市部に限らず地方都市にも見られることから地域ごとに差異が存在することを明らかにしている。,,https://www.nstac.go.jp/sys/files/sites/3/2025U4-katsuyo.pdf,references/awards/raw/2025/university-general/2025U4-katsuyo.pdf,2026-08-17T07:54:32.318075+00:00,d42b4dbf0588b1b718b8d028870ab9da598d1d2875b4a4cbb5646a2af08a6719,1135300
2025,paper,大学生・一般の部,審査員奨励賞,CO 2 排出特性による市区町村の類型化と地域特性の関係に関する研究 ―2017年度と2022年度のCO 2 排出量データを用いた分析,小松原 早貴(独立行政法人国際観光振興機構),,https://www.nstac.go.jp/sys/files/sites/3/2025U5-shorei-01.pdf,references/awards/raw/2025/university-general/2025U5-shorei-01.pdf,2026-08-17T07:54:32.318075+00:00,d227051b008d2fdc30426dfdbf2314ae8a559cf37b76f834cf6486ed2c28543b,505528
2025,paper,大学生・一般の部,審査員奨励賞,女性の社会進出を支援する環境要因分析と改善案の提言,小村 涼太郎、杉山 航太、伊藤 諒、後藤 隼人(上智大学大学院理工学研究科) 飯泉 匠朗、竹浪 悠人(上智大学理工学部情報理工学科),,https://www.nstac.go.jp/sys/files/sites/3/2025U5-shorei-02.pdf,references/awards/raw/2025/university-general/2025U5-shorei-02.pdf,2026-08-17T07:54:32.318075+00:00,2b336636a360d78693caedc8827aa2038fcfeca6331c6c27578370f29f6b565e,1301057
2025,paper,大学生・一般の部,審査員奨励賞,デジタル教科書は学力にプラスかマイナスか? :機械学習×SHAP解析による検証,立花 れい菜(上智大学大学院応用データサイエンス学位プログラム),,https://www.nstac.go.jp/sys/files/sites/3/2025U5-shorei-03.pdf,references/awards/raw/2025/university-general/2025U5-shorei-03.pdf,2026-08-17T07:54:32.318075+00:00,6618ac88f3839be8fb206fa72f04c68c090736c32796c4ae86f8fa262e550225,1968390
2025,paper,大学生・一般の部,審査員奨励賞,日本の人口変動の要因分析 (パネルデータ分析とランダムフォレストを用いて),遠山 修生、降籏 直二郎、HOANG THI MY LINH(信州大学経法学部応用経済学科),,https://www.nstac.go.jp/sys/files/sites/3/2025U5-shorei-04.pdf,references/awards/raw/2025/university-general/2025U5-shorei-04.pdf,2026-08-17T07:54:32.318075+00:00,28b6d5f6f427475b88e8015cd018ef52e9ac0df5245a06f30d371cc4dd1bc122,918854
2025,paper,大学生・一般の部,審査員奨励賞,人口動態の地域差に着目した基礎的分析,山形 陽生(武蔵精密工業株式会社),,https://www.nstac.go.jp/sys/files/sites/3/2025U5-shorei-05.pdf,references/awards/raw/2025/university-general/2025U5-shorei-05.pdf,2026-08-17T07:54:32.318075+00:00,15d93c49751fe9ead81107a53db0add55663583477ef1df01ba96a3bdc8f282d,1562554
