dataset,version,column_index,code,label,period,data_rows
A,2026,0,SSDSE-A-2026,地域コード,,1741
A,2026,1,Prefecture,都道府県,,1741
A,2026,2,Municipality,市区町村,年度,1741
A,2026,3,A1101,総人口,2020,1741
A,2026,4,A110101,総人口（男）,2020,1741
A,2026,5,A110102,総人口（女）,2020,1741
A,2026,6,A1102,日本人人口,2020,1741
A,2026,7,A110201,日本人人口（男）,2020,1741
A,2026,8,A110202,日本人人口（女）,2020,1741
A,2026,9,A1301,15歳未満人口,2020,1741
A,2026,10,A130101,15歳未満人口（男）,2020,1741
A,2026,11,A130102,15歳未満人口（女）,2020,1741
A,2026,12,A1302,15～64歳人口,2020,1741
A,2026,13,A130201,15～64歳人口（男）,2020,1741
A,2026,14,A130202,15～64歳人口（女）,2020,1741
A,2026,15,A1303,65歳以上人口,2020,1741
A,2026,16,A130301,65歳以上人口（男）,2020,1741
A,2026,17,A130302,65歳以上人口（女）,2020,1741
A,2026,18,A1419,75歳以上人口,2020,1741
A,2026,19,A141901,75歳以上人口（男）,2020,1741
A,2026,20,A141902,75歳以上人口（女）,2020,1741
A,2026,21,A1700,外国人人口,2020,1741
A,2026,22,A4101,出生数,2023,1741
A,2026,23,A4200,死亡数,2023,1741
A,2026,24,A5101,転入者数（日本人移動者）,2024,1741
A,2026,25,A5102,転出者数（日本人移動者）,2024,1741
A,2026,26,A7101,世帯数,2020,1741
A,2026,27,A710101,一般世帯数,2020,1741
A,2026,28,A710201,一般世帯人員数,2020,1741
A,2026,29,A810102,核家族世帯数,2020,1741
A,2026,30,A810105,単独世帯数,2020,1741
A,2026,31,A811102,65歳以上の世帯員のいる核家族世帯数,2020,1741
A,2026,32,A8201,夫65歳以上、妻60歳以上の夫婦のみの世帯数,2020,1741
A,2026,33,A8301,65歳以上世帯員の単独世帯数,2020,1741
A,2026,34,A9101,婚姻件数,2023,1741
A,2026,35,A9201,離婚件数,2023,1741
A,2026,36,B1101,総面積（北方地域及び竹島を除く）,2024,1741
A,2026,37,B1103,可住地面積,2024,1741
A,2026,38,C2108,事業所数（民営）,2021,1741
A,2026,39,C210832,事業所数（民営）（農業、林業）,2021,1741
A,2026,40,C210833,事業所数（民営）（漁業）,2021,1741
A,2026,41,C210835,事業所数（民営）（鉱業、採石業、砂利採取業）,2021,1741
A,2026,42,C210836,事業所数（民営）（建設業）,2021,1741
A,2026,43,C210837,事業所数（民営）（製造業）,2021,1741
A,2026,44,C210838,事業所数（民営）（電気・ガス・熱供給・水道業）,2021,1741
A,2026,45,C210839,事業所数（民営）（情報通信業）,2021,1741
A,2026,46,C210840,事業所数（民営）（運輸業、郵便業）,2021,1741
A,2026,47,C210841,事業所数（民営）（卸売業、小売業）,2021,1741
A,2026,48,C210844,事業所数（民営）（金融業、保険業）,2021,1741
A,2026,49,C210845,事業所数（民営）（不動産業、物品賃貸業）,2021,1741
A,2026,50,C210846,事業所数（民営）（学術研究、専門・技術サービス業）,2021,1741
A,2026,51,C210847,事業所数（民営）（宿泊業、飲食サービス業）,2021,1741
A,2026,52,C210848,事業所数（民営）（生活関連サービス業、娯楽業）,2021,1741
A,2026,53,C210849,事業所数（民営）（教育、学習支援業）,2021,1741
A,2026,54,C210850,事業所数（民営）（医療、福祉）,2021,1741
A,2026,55,C210851,事業所数（民営）（複合サービス事業）,2021,1741
A,2026,56,C210852,事業所数（民営）（サービス業（他に分類されないもの））,2021,1741
A,2026,57,C2208,従業者数（民営）,2021,1741
A,2026,58,C220832,従業者数（民営）（農業、林業）,2021,1741
A,2026,59,C220833,従業者数（民営）（漁業）,2021,1741
A,2026,60,C220835,従業者数（民営）（鉱業、採石業、砂利採取業）,2021,1741
A,2026,61,C220836,従業者数（民営）（建設業）,2021,1741
A,2026,62,C220837,従業者数（民営）（製造業）,2021,1741
A,2026,63,C220838,従業者数（民営）（電気・ガス・熱供給・水道業）,2021,1741
A,2026,64,C220839,従業者数（民営）（情報通信業）,2021,1741
A,2026,65,C220840,従業者数（民営）（運輸業、郵便業）,2021,1741
A,2026,66,C220841,従業者数（民営）（卸売業、小売業）,2021,1741
A,2026,67,C220844,従業者数（民営）（金融業、保険業）,2021,1741
A,2026,68,C220845,従業者数（民営）（不動産業、物品賃貸業）,2021,1741
A,2026,69,C220846,従業者数（民営）（学術研究、専門・技術サービス業）,2021,1741
A,2026,70,C220847,従業者数（民営）（宿泊業、飲食サービス業）,2021,1741
A,2026,71,C220848,従業者数（民営）（生活関連サービス業、娯楽業）,2021,1741
A,2026,72,C220849,従業者数（民営）（教育、学習支援業）,2021,1741
A,2026,73,C220850,従業者数（民営）（医療、福祉）,2021,1741
A,2026,74,C220851,従業者数（民営）（複合サービス事業）,2021,1741
A,2026,75,C220852,従業者数（民営）（サービス業（他に分類されないもの））,2021,1741
A,2026,76,C310201,農家数（販売農家）,2019,1741
A,2026,77,C310202,農家数（自給的農家）,2019,1741
A,2026,78,D1202,一般行政部門職員数（市区町村）,2024,1741
A,2026,79,D2203,経常収支比率（市町村財政）,2022,1741
A,2026,80,D2211,実質公債費比率（市町村財政）,2022,1741
A,2026,81,D3201,歳入決算総額（市町村財政）,2022,1741
A,2026,82,D320101,地方税（市町村財政）,2022,1741
A,2026,83,D3203,歳出決算総額（市町村財政）,2022,1741
A,2026,84,D320303,民生費（市町村財政）,2022,1741
A,2026,85,D320308,土木費（市町村財政）,2022,1741
A,2026,86,D320310,教育費（市町村財政）,2022,1741
A,2026,87,D320311,災害復旧費（市町村財政）,2022,1741
A,2026,88,E1101,幼稚園数,2024,1741
A,2026,89,E1501,幼稚園在園者数,2024,1741
A,2026,90,E2101,小学校数,2024,1741
A,2026,91,E2401,小学校教員数,2024,1741
A,2026,92,E2501,小学校児童数,2024,1741
A,2026,93,E3101,中学校数,2024,1741
A,2026,94,E3401,中学校教員数,2024,1741
A,2026,95,E3501,中学校生徒数,2024,1741
A,2026,96,E3901,義務教育学校数,2024,1741
A,2026,97,E3904,義務教育学校教員数,2024,1741
A,2026,98,E3905,義務教育学校前期課程児童数,2024,1741
A,2026,99,E3906,義務教育学校後期課程生徒数,2024,1741
A,2026,100,E4101,高等学校数,2024,1741
A,2026,101,E4501,高等学校生徒数,2024,1741
A,2026,102,F1102,就業者数,2020,1741
A,2026,103,F110201,就業者数（男）,2020,1741
A,2026,104,F110202,就業者数（女）,2020,1741
A,2026,105,F1107,完全失業者数,2020,1741
A,2026,106,F110701,完全失業者数（男）,2020,1741
A,2026,107,F110702,完全失業者数（女）,2020,1741
A,2026,108,F1108,非労働力人口,2020,1741
A,2026,109,F110801,非労働力人口（男）,2020,1741
A,2026,110,F110802,非労働力人口（女）,2020,1741
A,2026,111,F2201,第1次産業就業者数,2020,1741
A,2026,112,F2211,第2次産業就業者数,2020,1741
A,2026,113,F2221,第3次産業就業者数,2020,1741
A,2026,114,G1201,公民館数,2021,1741
A,2026,115,G1401,図書館数,2021,1741
A,2026,116,H5507,総人口（非水洗化人口＋水洗化人口）,2023,1741
A,2026,117,H550701,非水洗化人口,2023,1741
A,2026,118,H6130,小売店数,2021,1741
A,2026,119,H6131,飲食店数,2021,1741
A,2026,120,H6132,大型小売店数,2021,1741
A,2026,121,I510120,一般病院数,2023,1741
A,2026,122,I5102,一般診療所数,2023,1741
A,2026,123,I5103,歯科診療所数,2023,1741
A,2026,124,I6100,医師数,2022,1741
A,2026,125,I6200,歯科医師数,2022,1741
A,2026,126,I6300,薬剤師数,2022,1741
A,2026,127,J250302,保育所等数（基本票）,2023,1741
B,2026,0,SSDSE-B-2026,年度,,564
B,2026,1,Code,地域コード,,564
B,2026,2,Prefecture,都道府県,,564
B,2026,3,A1101,総人口,,564
B,2026,4,A110101,総人口（男）,,564
B,2026,5,A110102,総人口（女）,,564
B,2026,6,A1102,日本人人口,,564
B,2026,7,A110201,日本人人口（男）,,564
B,2026,8,A110202,日本人人口（女）,,564
B,2026,9,A1301,15歳未満人口,,564
B,2026,10,A130101,15歳未満人口（男）,,564
B,2026,11,A130102,15歳未満人口（女）,,564
B,2026,12,A1302,15～64歳人口,,564
B,2026,13,A130201,15～64歳人口（男）,,564
B,2026,14,A130202,15～64歳人口（女）,,564
B,2026,15,A1303,65歳以上人口,,564
B,2026,16,A130301,65歳以上人口（男）,,564
B,2026,17,A130302,65歳以上人口（女）,,564
B,2026,18,A4101,出生数,,564
B,2026,19,A410101,出生数（男）,,564
B,2026,20,A410102,出生数（女）,,564
B,2026,21,A4103,合計特殊出生率,,564
B,2026,22,A4200,死亡数,,564
B,2026,23,A420001,死亡数（男）,,564
B,2026,24,A420002,死亡数（女）,,564
B,2026,25,A5101,転入者数（日本人移動者）,,564
B,2026,26,A510101,転入者数（日本人移動者）（男）,,564
B,2026,27,A510102,転入者数（日本人移動者）（女）,,564
B,2026,28,A5102,転出者数（日本人移動者）,,564
B,2026,29,A510201,転出者数（日本人移動者）（男）,,564
B,2026,30,A510202,転出者数（日本人移動者）（女）,,564
B,2026,31,A9101,婚姻件数,,564
B,2026,32,A9201,離婚件数,,564
B,2026,33,B4101,年平均気温,,564
B,2026,34,B4102,最高気温（日最高気温の月平均の最高値）,,564
B,2026,35,B4103,最低気温（日最低気温の月平均の最低値）,,564
B,2026,36,B4106,降水日数（年間）,,564
B,2026,37,B4109,降水量（年間）,,564
B,2026,38,C3301,着工建築物数,,564
B,2026,39,C3302,着工建築物床面積,,564
B,2026,40,C3801,旅館営業施設数（ホテルを含む）,,564
B,2026,41,C3802,旅館営業施設客室数（ホテルを含む）,,564
B,2026,42,C5401,標準価格（平均価格）（住宅地）,,564
B,2026,43,C5403,標準価格（平均価格）（商業地）,,564
B,2026,44,E1101,幼稚園数,,564
B,2026,45,E1301,幼稚園教員数,,564
B,2026,46,E1501,幼稚園在園者数,,564
B,2026,47,E2101,小学校数,,564
B,2026,48,E2401,小学校教員数,,564
B,2026,49,E2501,小学校児童数,,564
B,2026,50,E3101,中学校数,,564
B,2026,51,E3401,中学校教員数,,564
B,2026,52,E3501,中学校生徒数,,564
B,2026,53,E3701,中学校卒業者数,,564
B,2026,54,E3702,中学校卒業者のうち進学者数,,564
B,2026,55,E4101,高等学校数,,564
B,2026,56,E4401,高等学校教員数,,564
B,2026,57,E4501,高等学校生徒数,,564
B,2026,58,E4601,高等学校卒業者数,,564
B,2026,59,E4602,高等学校卒業者のうち進学者数,,564
B,2026,60,E6101,短期大学数,,564
B,2026,61,E6102,大学数,,564
B,2026,62,E6201,短期大学教員数,,564
B,2026,63,E6202,大学教員数,,564
B,2026,64,E6301,短期大学学生数,,564
B,2026,65,E6302,大学学生数,,564
B,2026,66,E6501,短期大学卒業者数,,564
B,2026,67,E650110,短期大学卒業者のうち進学者数,,564
B,2026,68,E6502,大学卒業者数,,564
B,2026,69,E650210,大学卒業者のうち進学者数,,564
B,2026,70,E7101,専修学校数,,564
B,2026,71,E7102,各種学校数,,564
B,2026,72,E7201,専修学校生徒数,,564
B,2026,73,E7202,各種学校生徒数,,564
B,2026,74,F3101,新規求職申込件数（一般）,,564
B,2026,75,F3102,月間有効求職者数（一般）,,564
B,2026,76,F3103,月間有効求人数（一般）,,564
B,2026,77,F3104,充足数（一般）,,564
B,2026,78,F3105,就職件数（一般）,,564
B,2026,79,G5105,一般旅券発行件数,,564
B,2026,80,G7101,延べ宿泊者数,,564
B,2026,81,G7102,外国人延べ宿泊者数,,564
B,2026,82,H1800,着工新設住宅戸数,,564
B,2026,83,H1801,着工新設持家数,,564
B,2026,84,H1802,着工新設貸家数,,564
B,2026,85,H1803,着工新設分譲住宅数,,564
B,2026,86,H2600,着工新設住宅床面積,,564
B,2026,87,H2601,着工新設持家床面積,,564
B,2026,88,H2602,着工新設分譲住宅床面積,,564
B,2026,89,H2603,着工新設貸家床面積,,564
B,2026,90,H5609,ごみ総排出量（総量）,,564
B,2026,91,H5610,1人1日当たりの排出量,,564
B,2026,92,H5614,ごみのリサイクル率,,564
B,2026,93,I510120,一般病院数,,564
B,2026,94,I5102,一般診療所数,,564
B,2026,95,I5103,歯科診療所数,,564
B,2026,96,J2503,保育所等数,,564
B,2026,97,J2505,保育所等定員数,,564
B,2026,98,J250502,保育所等利用待機児童数,,564
B,2026,99,J2506,保育所等在所児数,,564
B,2026,100,J2526,保育所等保育士数,,564
B,2026,101,L3221,消費支出（二人以上の世帯）,,564
B,2026,102,L322101,食料費（二人以上の世帯）,,564
B,2026,103,L322102,住居費（二人以上の世帯）,,564
B,2026,104,L322103,光熱・水道費（二人以上の世帯）,,564
B,2026,105,L322104,家具・家事用品費（二人以上の世帯）,,564
B,2026,106,L322105,被服及び履物費（二人以上の世帯）,,564
B,2026,107,L322106,保健医療費（二人以上の世帯）,,564
B,2026,108,L322107,交通・通信費（二人以上の世帯）,,564
B,2026,109,L322108,教育費（二人以上の世帯）,,564
B,2026,110,L322109,教養娯楽費（二人以上の世帯）,,564
B,2026,111,L322110,その他の消費支出（二人以上の世帯）,,564
C,2026,0,SSDSE-C-2026,地域コード,,48
C,2026,1,2023-2025年,都道府県,,48
C,2026,2,City,市,,48
C,2026,3,LA03,世帯人員,,48
C,2026,4,LB00,食料（合計）,,48
C,2026,5,LB01,01　穀類,,48
C,2026,6,LB011001,米,,48
C,2026,7,LB012001,食パン,,48
C,2026,8,LB012002,他のパン,,48
C,2026,9,LB013001,生うどん・そば,,48
C,2026,10,LB013002,乾うどん・そば,,48
C,2026,11,LB013003,パスタ,,48
C,2026,12,LB013004,中華麺,,48
C,2026,13,LB013005,カップ麺,,48
C,2026,14,LB013006,即席麺,,48
C,2026,15,LB013007,他の麺類,,48
C,2026,16,LB014001,小麦粉,,48
C,2026,17,LB014002,もち,,48
C,2026,18,LB014003,他の穀類のその他,,48
C,2026,19,LB02,02　魚介類,,48
C,2026,20,LB021101,まぐろ,,48
C,2026,21,LB021102,あじ,,48
C,2026,22,LB021103,いわし,,48
C,2026,23,LB021104,かつお,,48
C,2026,24,LB021105,かれい,,48
C,2026,25,LB021106,さけ,,48
C,2026,26,LB021107,さば,,48
C,2026,27,LB021108,さんま,,48
C,2026,28,LB021109,たい,,48
C,2026,29,LB021110,ぶり,,48
C,2026,30,LB021111,いか,,48
C,2026,31,LB021112,たこ,,48
C,2026,32,LB021113,えび,,48
C,2026,33,LB021114,かに,,48
C,2026,34,LB021115,他の鮮魚,,48
C,2026,35,LB021116,さしみ盛合わせ,,48
C,2026,36,LB021201,あさり,,48
C,2026,37,LB021202,しじみ,,48
C,2026,38,LB021203,かき（貝）,,48
C,2026,39,LB021204,ほたて貝,,48
C,2026,40,LB021205,他の貝,,48
C,2026,41,LB022001,塩さけ,,48
C,2026,42,LB022002,たらこ,,48
C,2026,43,LB022003,しらす干し,,48
C,2026,44,LB022004,干しあじ,,48
C,2026,45,LB022006,他の塩干魚介,,48
C,2026,46,LB023001,揚げかまぼこ,,48
C,2026,47,LB023002,ちくわ,,48
C,2026,48,LB023003,かまぼこ,,48
C,2026,49,LB023004,他の魚肉練製品,,48
C,2026,50,LB024001,かつお節・削り節,,48
C,2026,51,LB024002,魚介の漬物,,48
C,2026,52,LB024003,魚介のつくだ煮,,48
C,2026,53,LB024004,魚介の缶詰,,48
C,2026,54,LB024005,他の魚介加工品のその他,,48
C,2026,55,LB03,03　肉類,,48
C,2026,56,LB031001,牛肉,,48
C,2026,57,LB031002,豚肉,,48
C,2026,58,LB031003,鶏肉,,48
C,2026,59,LB031004,合いびき肉,,48
C,2026,60,LB031005,他の生鮮肉,,48
C,2026,61,LB032001,ハム,,48
C,2026,62,LB032002,ソーセージ,,48
C,2026,63,LB032003,ベーコン,,48
C,2026,64,LB032004,他の加工肉,,48
C,2026,65,LB04,04　乳卵類,,48
C,2026,66,LB041001,牛乳,,48
C,2026,67,LB042001,粉ミルク,,48
C,2026,68,LB042002,ヨーグルト,,48
C,2026,69,LB042003,バター,,48
C,2026,70,LB042004,チーズ,,48
C,2026,71,LB042005,他の乳製品,,48
C,2026,72,LB043001,卵,,48
C,2026,73,LB05,05　野菜・海藻,,48
C,2026,74,LB051101,キャベツ,,48
C,2026,75,LB051102,ほうれんそう,,48
C,2026,76,LB051103,はくさい,,48
C,2026,77,LB051104,ねぎ,,48
C,2026,78,LB051105,レタス,,48
C,2026,79,LB051106,ブロッコリー,,48
C,2026,80,LB051107,もやし,,48
C,2026,81,LB051108,他の葉茎菜,,48
C,2026,82,LB051201,さつまいも,,48
C,2026,83,LB051202,じゃがいも,,48
C,2026,84,LB051203,さといも,,48
C,2026,85,LB051204,だいこん,,48
C,2026,86,LB051205,にんじん,,48
C,2026,87,LB051206,ごぼう,,48
C,2026,88,LB051207,たまねぎ,,48
C,2026,89,LB051208,れんこん,,48
C,2026,90,LB051209,たけのこ,,48
C,2026,91,LB051210,他の根菜,,48
C,2026,92,LB051301,さやまめ,,48
C,2026,93,LB051302,かぼちゃ,,48
C,2026,94,LB051303,きゅうり,,48
C,2026,95,LB051304,なす,,48
C,2026,96,LB051305,トマト,,48
C,2026,97,LB051306,ピーマン,,48
C,2026,98,LB051307,生しいたけ,,48
C,2026,99,LB051308,しめじ,,48
C,2026,100,LB051309,えのきたけ,,48
C,2026,101,LB051310,他のきのこ,,48
C,2026,102,LB051311,他の野菜のその他,,48
C,2026,103,LB052001,豆類,,48
C,2026,104,LB052002,干ししいたけ,,48
C,2026,105,LB052003,干しのり,,48
C,2026,106,LB052004,わかめ,,48
C,2026,107,LB052005,こんぶ,,48
C,2026,108,LB052006,他の乾物・海藻,,48
C,2026,109,LB053001,豆腐,,48
C,2026,110,LB053002,油揚げ・がんもどき,,48
C,2026,111,LB053003,納豆,,48
C,2026,112,LB053004,他の大豆製品,,48
C,2026,113,LB054001,こんにゃく,,48
C,2026,114,LB054002,梅干し,,48
C,2026,115,LB054003,だいこん漬,,48
C,2026,116,LB054004,はくさい漬,,48
C,2026,117,LB054005,他の野菜の漬物,,48
C,2026,118,LB054006,こんぶつくだ煮,,48
C,2026,119,LB054007,他の野菜・海藻のつくだ煮,,48
C,2026,120,LB054008,他の野菜・海藻加工品のその他,,48
C,2026,121,LB06,06　果物,,48
C,2026,122,LB061001,りんご,,48
C,2026,123,LB061002,みかん,,48
C,2026,124,LB061004,オレンジ,,48
C,2026,125,LB061005,他の柑きつ類,,48
C,2026,126,LB061006,梨,,48
C,2026,127,LB061007,ぶどう,,48
C,2026,128,LB061008,柿,,48
C,2026,129,LB061009,桃,,48
C,2026,130,LB061010,すいか,,48
C,2026,131,LB061011,メロン,,48
C,2026,132,LB061012,いちご,,48
C,2026,133,LB061013,バナナ,,48
C,2026,134,LB061014,キウイフルーツ,,48
C,2026,135,LB061015,他の果物,,48
C,2026,136,LB062001,果物加工品,,48
C,2026,137,LB07,07　油脂・調味料,,48
C,2026,138,LB071001,食用油,,48
C,2026,139,LB071002,マーガリン,,48
C,2026,140,LB072001,食塩,,48
C,2026,141,LB072002,しょう油,,48
C,2026,142,LB072003,みそ,,48
C,2026,143,LB072004,砂糖,,48
C,2026,144,LB072005,酢,,48
C,2026,145,LB072006,ソース,,48
C,2026,146,LB072007,ケチャップ,,48
C,2026,147,LB072008,マヨネーズ・マヨネーズ風調味料,,48
C,2026,148,LB072009,ドレッシング,,48
C,2026,149,LB072010,ジャム,,48
C,2026,150,LB072011,カレールウ,,48
C,2026,151,LB072012,乾燥スープ,,48
C,2026,152,LB072013,風味調味料,,48
C,2026,153,LB072014,ふりかけ,,48
C,2026,154,LB072015,つゆ・たれ,,48
C,2026,155,LB072016,他の調味料,,48
C,2026,156,LB08,08　菓子類,,48
C,2026,157,LB080001,ようかん,,48
C,2026,158,LB080002,まんじゅう,,48
C,2026,159,LB080003,他の和生菓子,,48
C,2026,160,LB080004,カステラ,,48
C,2026,161,LB080005,ケーキ,,48
C,2026,162,LB080006,ゼリー,,48
C,2026,163,LB080007,プリン,,48
C,2026,164,LB080008,他の洋生菓子,,48
C,2026,165,LB080009,せんべい,,48
C,2026,166,LB080010,ビスケット,,48
C,2026,167,LB080011,スナック菓子,,48
C,2026,168,LB080012,キャンデー,,48
C,2026,169,LB080013,チョコレート,,48
C,2026,170,LB080014,チョコレート菓子,,48
C,2026,171,LB080015,アイスクリーム・シャーベット,,48
C,2026,172,LB080016,他の菓子,,48
C,2026,173,LB09,09　調理食品,,48
C,2026,174,LB091001,弁当,,48
C,2026,175,LB091002,すし（弁当）,,48
C,2026,176,LB091003,おにぎり・その他,,48
C,2026,177,LB091004,調理パン,,48
C,2026,178,LB091005,他の主食的調理食品,,48
C,2026,179,LB092001,うなぎのかば焼き,,48
C,2026,180,LB092002,サラダ,,48
C,2026,181,LB092003,コロッケ,,48
C,2026,182,LB092004,カツレツ,,48
C,2026,183,LB092005,天ぷら・フライ,,48
C,2026,184,LB092006,しゅうまい,,48
C,2026,185,LB092007,ぎょうざ,,48
C,2026,186,LB092008,やきとり,,48
C,2026,187,LB092009,ハンバーグ,,48
C,2026,188,LB092010,冷凍調理食品,,48
C,2026,189,LB092011,そうざい材料セット,,48
C,2026,190,LB092012,他の調理食品のその他,,48
C,2026,191,LB10,10　飲料,,48
C,2026,192,LB101001,緑茶,,48
C,2026,193,LB101002,紅茶,,48
C,2026,194,LB101003,他の茶葉,,48
C,2026,195,LB101004,茶飲料,,48
C,2026,196,LB102001,コーヒー,,48
C,2026,197,LB102002,コーヒー飲料,,48
C,2026,198,LB102003,ココア・ココア飲料,,48
C,2026,199,LB103001,果実・野菜ジュース,,48
C,2026,200,LB103002,炭酸飲料,,48
C,2026,201,LB103003,乳酸菌飲料,,48
C,2026,202,LB103004,乳飲料,,48
C,2026,203,LB103005,ミネラルウォーター,,48
C,2026,204,LB103006,スポーツドリンク,,48
C,2026,205,LB103007,他の飲料のその他,,48
C,2026,206,LB11,11　酒類,,48
C,2026,207,LB110001,清酒,,48
C,2026,208,LB110002,焼酎,,48
C,2026,209,LB110003,ビール,,48
C,2026,210,LB110004,ウイスキー,,48
C,2026,211,LB110005,ワイン,,48
C,2026,212,LB110006,発泡酒,,48
C,2026,213,LB110007,チューハイ・カクテル,,48
C,2026,214,LB110008,他の酒,,48
C,2026,215,LB12,12　外食,,48
C,2026,216,LB121101,日本そば・うどん,,48
C,2026,217,LB121102,中華そば,,48
C,2026,218,LB121103,他の麺類外食,,48
C,2026,219,LB121104,すし（外食）,,48
C,2026,220,LB121105,和食,,48
C,2026,221,LB121106,中華食,,48
C,2026,222,LB121107,洋食,,48
C,2026,223,LB121108,焼肉,,48
C,2026,224,LB121109,ハンバーガー,,48
C,2026,225,LB121110,他の主食的外食,,48
C,2026,226,LB121201,喫茶代,,48
C,2026,227,LB121202,飲酒代,,48
C,2026,228,LB122001,学校給食,,48
D,2023,0,SSDSE-D-2023,男女の別,,144
D,2023,1,2021年,地域コード,,144
D,2023,2,Prefecture,都道府県,,144
D,2023,3,MA00,推定人口（10歳以上）,,144
D,2023,4,MB00,学習・自己啓発・訓練の総数,,144
D,2023,5,MB01,外国語,,144
D,2023,6,MB011,英語,,144
D,2023,7,MB012,英語以外の外国語,,144
D,2023,8,MB02,商業実務・ビジネス関係(総数),,144
D,2023,9,MB021,パソコンなどの情報処理,,144
D,2023,10,MB022,商業実務・ビジネス関係,,144
D,2023,11,MB03,介護関係,,144
D,2023,12,MB04,家政・家事(料理・裁縫・家庭経営など),,144
D,2023,13,MB05,人文・社会・自然科学(歴史・経済・数学・生物など),,144
D,2023,14,MB06,芸術・文化,,144
D,2023,15,MB07,その他,,144
D,2023,16,MC00,スポーツの総数,,144
D,2023,17,MC01,野球(キャッチボールを含む),,144
D,2023,18,MC02,ソフトボール,,144
D,2023,19,MC03,バレーボール,,144
D,2023,20,MC04,バスケットボール,,144
D,2023,21,MC05,サッカー(フットサルを含む),,144
D,2023,22,MC06,卓球,,144
D,2023,23,MC07,テニス,,144
D,2023,24,MC08,バドミントン,,144
D,2023,25,MC09,ゴルフ(練習場を含む),,144
D,2023,26,MC095,グラウンドゴルフ,,144
D,2023,27,MC10,柔道,,144
D,2023,28,MC11,剣道,,144
D,2023,29,MC13,ボウリング,,144
D,2023,30,MC14,つり,,144
D,2023,31,MC15,水泳,,144
D,2023,32,MC16,スキー・スノーボード,,144
D,2023,33,MC17,登山・ハイキング,,144
D,2023,34,MC18,サイクリング,,144
D,2023,35,MC19,ジョギング・マラソン,,144
D,2023,36,MC20,ウォーキング・軽い体操,,144
D,2023,37,MC205,ヨガ,,144
D,2023,38,MC21,器具を使ったトレーニング,,144
D,2023,39,MC22,その他,,144
D,2023,40,MD00,趣味・娯楽の総数,,144
D,2023,41,MD01,スポーツ観覧・観戦(テレビ・スマートフォン・パソコンなどは除く),,144
D,2023,42,MD02,美術鑑賞(テレビ・スマートフォン・パソコンなどは除く),,144
D,2023,43,MD03,演芸・演劇・舞踊鑑賞(テレビ・スマートフォン・パソコンなどは除く),,144
D,2023,44,MD04,映画館での映画鑑賞,,144
D,2023,45,MD05,映画館以外での映画鑑賞（テレビ・DVD・パソコンなど）,,144
D,2023,46,MD06,コンサートなどによるクラシック音楽鑑賞,,144
D,2023,47,MD07,コンサートなどによるポピュラー音楽・歌謡曲鑑賞,,144
D,2023,48,MD08,ＣＤ・スマートフォンなどによる音楽鑑賞,,144
D,2023,49,MD09,楽器の演奏,,144
D,2023,50,MD10,邦楽(民謡、日本古来の音楽を含む),,144
D,2023,51,MD11,コーラス・声楽,,144
D,2023,52,MD12,カラオケ,,144
D,2023,53,MD13,邦舞・おどり,,144
D,2023,54,MD14,洋舞・社交ダンス,,144
D,2023,55,MD15,書道,,144
D,2023,56,MD16,華道,,144
D,2023,57,MD17,茶道,,144
D,2023,58,MD18,和裁・洋裁,,144
D,2023,59,MD19,編み物・手芸,,144
D,2023,60,MD20,趣味としての料理・菓子作り,,144
D,2023,61,MD21,園芸・庭いじり・ガーデニング,,144
D,2023,62,MD22,日曜大工,,144
D,2023,63,MD23,絵画・彫刻の制作,,144
D,2023,64,MD24,陶芸・工芸,,144
D,2023,65,MD25,写真の撮影・プリント,,144
D,2023,66,MD26,詩・和歌・俳句・小説などの創作,,144
D,2023,67,MD271,趣味としての読書（マンガを除く）,,144
D,2023,68,MD272,マンガを読む,,144
D,2023,69,MD28,囲碁,,144
D,2023,70,MD29,将棋,,144
D,2023,71,MD30,パチンコ,,144
D,2023,72,MD31,スマートフォン・家庭用ゲーム機などによるゲーム,,144
D,2023,73,MD32,遊園地、動植物園、水族館などの見物,,144
D,2023,74,MD33,キャンプ,,144
D,2023,75,MD34,その他,,144
D,2023,76,ME00,ボランティア活動の総数,,144
D,2023,77,ME01,健康や医療サービスに関係した活動,,144
D,2023,78,ME02,高齢者を対象とした活動,,144
D,2023,79,ME03,障害者を対象とした活動,,144
D,2023,80,ME04,子供を対象とした活動,,144
D,2023,81,ME05,スポーツ・文化・芸術・学術に関係した活動,,144
D,2023,82,ME06,まちづくりのための活動,,144
D,2023,83,ME07,安全な生活のための活動,,144
D,2023,84,ME08,自然や環境を守るための活動,,144
D,2023,85,ME09,災害に関係した活動,,144
D,2023,86,ME10,国際協力に関係した活動,,144
D,2023,87,ME11,その他,,144
D,2023,88,MF00,旅行・行楽の総数,,144
D,2023,89,MF01,行楽(日帰り),,144
D,2023,90,MF02,旅行(１泊２日以上),,144
D,2023,91,MF021,国内,,144
D,2023,92,MF0211,観光旅行,,144
D,2023,93,MF0212,帰省・訪問などの旅行,,144
D,2023,94,MF022,海外（観光旅行）,,144
D,2023,95,MG01,睡眠,,144
D,2023,96,MG02,身の回りの用事,,144
D,2023,97,MG03,食事,,144
D,2023,98,MG04,通勤・通学,,144
D,2023,99,MG05,仕事,,144
D,2023,100,MG06,学業,,144
D,2023,101,MG07,家事,,144
D,2023,102,MG08,介護・看護,,144
D,2023,103,MG09,育児,,144
D,2023,104,MG10,買い物,,144
D,2023,105,MG11,移動(通勤・通学を除く),,144
D,2023,106,MG12,テレビ・ラジオ・新聞・雑誌,,144
D,2023,107,MG13,休養・くつろぎ,,144
D,2023,108,MG14,学習・自己啓発・訓練(学業以外),,144
D,2023,109,MG15,趣味・娯楽,,144
D,2023,110,MG16,スポーツ,,144
D,2023,111,MG17,ボランティア活動・社会参加活動,,144
D,2023,112,MG18,交際・付き合い,,144
D,2023,113,MG19,受診・療養,,144
D,2023,114,MG20,その他,,144
D,2023,115,MG51,通勤・通学,,144
D,2023,116,MG52,仕事,,144
D,2023,117,MG53,学業,,144
D,2023,118,MH01,起床,,144
D,2023,119,MH02,朝食開始,,144
D,2023,120,MH03,夕食開始,,144
D,2023,121,MH04,就寝,,144
D,2023,122,MH51,出勤,,144
D,2023,123,MH52,仕事からの帰宅時間,,144
E,2026,0,SSDSE-E-2026,地域コード,,48
E,2026,1,Prefecture,都道府県,年度,48
E,2026,2,A1101,総人口,2024,48
E,2026,3,A1102,日本人人口,2024,48
E,2026,4,A1301,15歳未満人口,2024,48
E,2026,5,A1302,15～64歳人口,2024,48
E,2026,6,A1303,65歳以上人口,2024,48
E,2026,7,A1700,外国人人口,2020,48
E,2026,8,A4101,出生数,2023,48
E,2026,9,A4103,合計特殊出生率,2023,48
E,2026,10,A4200,死亡数,2023,48
E,2026,11,A5101,転入者数（日本人移動者）,2024,48
E,2026,12,A5102,転出者数（日本人移動者）,2024,48
E,2026,13,A710101,一般世帯数,2020,48
E,2026,14,A710201,一般世帯人員数,2020,48
E,2026,15,A810105,単独世帯数,2020,48
E,2026,16,A9101,婚姻件数,2023,48
E,2026,17,A9201,離婚件数,2023,48
E,2026,18,B1101,総面積（北方地域及び竹島を除く）,2024,48
E,2026,19,B1103,可住地面積,2024,48
E,2026,20,B2101,自然公園面積,2024,48
E,2026,21,C1121,県内総生産額（平成27年基準）,2021,48
E,2026,22,C1221,県民所得（平成27年基準）,2021,48
E,2026,23,C122101,1人当たり県民所得（平成27年基準）,2021,48
E,2026,24,C2108,事業所数（民営）,2021,48
E,2026,25,C210836,事業所数（民営）（建設業）,2021,48
E,2026,26,C210837,事業所数（民営）（製造業）,2021,48
E,2026,27,C210839,事業所数（民営）（情報通信業）,2021,48
E,2026,28,C210841,事業所数（民営）（卸売業、小売業）,2021,48
E,2026,29,C210847,事業所数（民営）（宿泊業、飲食サービス業）,2021,48
E,2026,30,C210848,事業所数（民営）（生活関連サービス業、娯楽業）,2021,48
E,2026,31,C210850,事業所数（民営）（医療、福祉）,2021,48
E,2026,32,C2208,従業者数（民営）,2021,48
E,2026,33,C220836,従業者数（民営）（建設業）,2021,48
E,2026,34,C220837,従業者数（民営）（製造業）,2021,48
E,2026,35,C220839,従業者数（民営）（情報通信業）,2021,48
E,2026,36,C220841,従業者数（民営）（卸売業、小売業）,2021,48
E,2026,37,C220847,従業者数（民営）（宿泊業、飲食サービス業）,2021,48
E,2026,38,C220848,従業者数（民営）（生活関連サービス業、娯楽業）,2021,48
E,2026,39,C220850,従業者数（民営）（医療、福祉）,2021,48
E,2026,40,C310201,農家数（販売農家）,2019,48
E,2026,41,C310202,農家数（自給的農家）,2019,48
E,2026,42,C3107,耕地面積,2024,48
E,2026,43,C3801,旅館営業施設数（ホテルを含む）,2023,48
E,2026,44,C3802,旅館営業施設客室数（ホテルを含む）,2023,48
E,2026,45,E1101,幼稚園数,2024,48
E,2026,46,E1501,幼稚園在園者数,2024,48
E,2026,47,E2101,小学校数,2024,48
E,2026,48,E2501,小学校児童数,2024,48
E,2026,49,E3101,中学校数,2024,48
E,2026,50,E3501,中学校生徒数,2024,48
E,2026,51,E3901,義務教育学校数,2024,48
E,2026,52,E3905,義務教育学校前期課程児童数,2024,48
E,2026,53,E3906,義務教育学校後期課程生徒数,2024,48
E,2026,54,E4101,高等学校数,2024,48
E,2026,55,E4501,高等学校生徒数,2024,48
E,2026,56,E6101,短期大学数,2024,48
E,2026,57,E6102,大学数,2024,48
E,2026,58,E6301,短期大学学生数,2024,48
E,2026,59,E6302,大学学生数,2024,48
E,2026,60,G1201,公民館数,2021,48
E,2026,61,G1401,図書館数,2021,48
E,2026,62,G1501,博物館数,2021,48
E,2026,63,G1604,劇場、音楽堂等数,2021,48
E,2026,64,G3102,社会体育施設数,2021,48
E,2026,65,G3201,民間体育施設数,2021,48
E,2026,66,G5101v2,映画館数,2021,48
E,2026,67,G5105,一般旅券発行件数,2024,48
E,2026,68,G7101,延べ宿泊者数,2024,48
E,2026,69,G7102,外国人延べ宿泊者数,2024,48
E,2026,70,H1100,総住宅数,2023,48
E,2026,71,H110202,空き家数,2023,48
E,2026,72,H1310,持ち家数,2023,48
E,2026,73,H1401,一戸建住宅数,2023,48
E,2026,74,H2130,1住宅当たり延べ面積,2023,48
E,2026,75,H5507,総人口（非水洗化人口＋水洗化人口）,2023,48
E,2026,76,H550701,非水洗化人口,2023,48
E,2026,77,H5609,ごみ総排出量（総量）,2023,48
E,2026,78,H5610,1人1日当たりの排出量,2023,48
E,2026,79,H5614,ごみのリサイクル率,2023,48
E,2026,80,H6130,小売店数,2021,48
E,2026,81,H6131,飲食店数,2021,48
E,2026,82,H6132,大型小売店数,2021,48
E,2026,83,I510120,一般病院数,2023,48
E,2026,84,I5102,一般診療所数,2023,48
E,2026,85,I5103,歯科診療所数,2023,48
E,2026,86,I6100,医師数,2022,48
E,2026,87,I6200,歯科医師数,2022,48
E,2026,88,I6300,薬剤師数,2022,48
E,2026,89,J2503,保育所等数,2023,48
E,2026,90,J2506,保育所等在所児数,2023,48
E,2026,91,L3221,消費支出（二人以上の世帯）,2024,48
E,2026,92,L322101,食料費（二人以上の世帯）,2024,48
E,2026,93,L322102,住居費（二人以上の世帯）,2024,48
E,2026,94,L322109,教養娯楽費（二人以上の世帯）,2024,48
F,2023v3,0,SSDSE-F-2023v3,地域コード,,611
F,2023v3,1,1991-2020年,都道府県,,611
F,2023v3,2,,市,,611
F,2023v3,3,,月・年,,611
F,2023v3,4,CN100,平均気温,,611
F,2023v3,5,CN110,日最高気温の平均,,611
F,2023v3,6,CN120,日最低気温の平均,,611
F,2023v3,7,CN131,日平均気温0℃未満の日数,,611
F,2023v3,8,CN132,日平均気温25℃以上の日数,,611
F,2023v3,9,CN141,日最高気温0℃未満の日数,,611
F,2023v3,10,CN142,日最高気温25℃以上の日数,,611
F,2023v3,11,CN143,日最高気温30℃以上の日数,,611
F,2023v3,12,CN144,日最高気温35℃以上の日数,,611
F,2023v3,13,CN151,日最低気温0℃未満の日数,,611
F,2023v3,14,CN152,日最低気温25℃以上の日数,,611
F,2023v3,15,CN200,平均現地気圧,,611
F,2023v3,16,CN210,平均海面気圧,,611
F,2023v3,17,CN220,平均相対湿度,,611
F,2023v3,18,CN230,平均蒸気圧,,611
F,2023v3,19,CN300,平均風速,,611
F,2023v3,20,CN311,日最大風速10m/s以上の日数,,611
F,2023v3,21,CN312,日最大風速15m/s以上の日数,,611
F,2023v3,22,CN313,日最大風速20m/s以上の日数,,611
F,2023v3,23,CN400,日照時間の合計,,611
F,2023v3,24,CN410,日照率40%以上の日数,,611
F,2023v3,25,CN420,日照時間0.1時間未満の日数,,611
F,2023v3,26,CN500,降水量の合計,,611
F,2023v3,27,CN511,日降水量1mm以上の日数,,611
F,2023v3,28,CN512,日降水量10mm以上の日数,,611
F,2023v3,29,CN513,日降水量30mm以上の日数,,611
F,2023v3,30,CN514,日降水量50mm以上の日数,,611
F,2023v3,31,CN515,日降水量100mm以上の日数,,611
F,2023v3,32,CN600,雪日数,,611
F,2023v3,33,CN610,降雪量の合計,,611
F,2023v3,34,CN620,降雪量日合計の最大,,611
F,2023v3,35,CN631,降雪量日合計5cm以上の日数,,611
F,2023v3,36,CN632,降雪量日合計10cm以上の日数,,611
F,2023v3,37,CN633,降雪量日合計20cm以上の日数,,611
F,2023v3,38,CN640,最深積雪,,611
F,2023v3,39,CN651,日最深積雪5cm以上の日数,,611
F,2023v3,40,CN652,日最深積雪10cm以上の日数,,611
F,2023v3,41,CN653,日最深積雪20cm以上の日数,,611
F,2023v3,42,CN654,日最深積雪50cm以上の日数,,611
F,2023v3,43,CN900,緯度,,611
F,2023v3,44,CN910,経度,,611
F,2023v3,45,CN920,標高,,611
