rank,candidate_id,theme,research_question,ssdse,external_data,unit,main_design,social_value,data_feasibility,originality,design_strength,policy_value,workload_feasibility,total,status,past_award_overlap
1,T02,再エネ導入ポテンシャル実現ギャップ,"同程度の再エネ資源を持つ自治体間で導入率に差が生じる構造条件は何か",A・E,環境省REPOS・自治体排出量カルテ,市区町村×年度×電源種,導入量/ポテンシャル比・パネル成長率・類型化・分数回帰,5,5,4,5,5,4,28,最優先,CO2類型化は既出だが導入ギャップは未確認
2,T01,猛暑下の熱中症搬送リスク,"同じ暑さでも高齢化・単身高齢世帯・医療資源により搬送率や重症化率はどう変わるか",B・E・F,消防庁熱中症搬送日次データ・気象庁日別観測,都道府県×日×年齢層,負の二項回帰・非線形温度応答・固定効果・交互作用,5,5,4,5,5,4,28,最優先,2023高校生奨励賞に熱中症研究あり・日次パネルと非線形脆弱性で差別化
3,T03,高齢者の食料品アクセス困難,"買物困難高齢者が多い自治体を生む人口・世帯・商業・空間構造の組合せは何か",A,農林水産政策研究所食料品アクセスマップ・国土数値情報バス停,市区町村,空間回帰・非線形モデル・脆弱性類型化,5,5,5,4,5,3,27,最優先,直接重複なし
4,T04,自治体DXの構造的格差,"自治体の人的・財政的・地域的条件はDX進捗とオンライン申請率をどの程度制約するか",A,デジタル庁自治体DXデータテーブル,市区町村×年度,潜在DX指数・順序モデル・階層モデル・類似自治体比較,5,5,4,4,5,3,26,有力予備,2022高校生奨励賞に地方自治DX研究あり・自治体別実績指標で差別化
5,T05,高齢者の公共交通・医療アクセス,"高齢化が進む地域でバス停と医療機関への空間的アクセスが最も不足する自治体はどこか",A,国土数値情報バス停・バスルート・医療機関・人口メッシュ,メッシュ→市区町村,ネットワーク近接性・空間クラスタ・需要供給比,5,4,5,4,5,3,26,有力予備,医師偏在は既出だが交通アクセス統合は未確認
6,T06,洪水時の高齢単身世帯脆弱性,"浸水想定区域に居住する高齢単身世帯と避難・医療資源の地域的ミスマッチはどこにあるか",A,国土数値情報洪水浸水想定区域・避難施設・人口メッシュ,メッシュ→市区町村,空間オーバーレイ・脆弱性指数・感度分析,5,4,5,4,5,3,26,有力予備,直接重複なし
7,T07,観光成長と一般廃棄物負荷,"宿泊者増加は地域住民1人当たりごみ排出量とリサイクル率にどの程度影響するか",B,観光庁宿泊旅行統計,都道府県×年,都道府県・年固定効果・イベント期比較・異質性分析,4,5,4,5,5,3,26,有力予備,観光とごみは別々に既出
8,T08,住宅供給構成と若年人口移動,"持家・貸家・分譲住宅の供給構成は若年層を地域に引き付けるか",B,住民基本台帳人口移動報告・住宅土地統計,都道府県×年×年齢層,パネル固定効果・分布ラグ・地域異質性,5,4,4,5,5,3,26,有力予備,住宅価格と人口移動は既出だが供給構成は未確認
9,T09,ジェンダー時間貧困とリスキリング,"家事・育児時間の男女差は女性の学習・自己啓発参加をどの程度阻害するか",D,社会生活基本調査詳細表・就業構造基本調査,都道府県×男女×属性,媒介仮説・階層回帰・構成差調整,5,5,5,4,5,2,26,有力予備,女性進出は既出だが時間配分と学習の接続は未確認
10,T10,学校縮小と教育アクセス,"児童生徒減少に対する学校統廃合の速度と教育アクセスの地域差は適切か",A,学校基本調査・国土数値情報学校・人口メッシュ,市区町村×時点,学校当たり児童数・距離指標・類型化・境界比較,5,4,4,4,5,3,25,候補,教育要因は多数あるが統廃合アクセスは未確認
11,T11,地域文化インフラと若者定着,"図書館・劇場・博物館などの文化機会は若年層の流出入と関連するか",B・E,社会教育調査・住民基本台帳人口移動報告,都道府県×年,パネル固定効果・施設整備前後・類似地域比較,4,4,5,4,4,3,24,候補,芸術と学習は既出だが若者定着は未確認
12,T12,高齢単身世帯と在宅医療供給,"高齢単身世帯の増加に対して診療所・訪問診療・介護供給は追いついているか",A・E,NDBオープンデータ・介護サービス施設事業所調査,市区町村または二次医療圏,需要供給比・空間回帰・不足地域類型化,5,3,4,4,5,3,24,候補,医療偏在は既出
13,T13,気候と地域食生活,"気候条件は地域の食品購入構成をどの程度説明し健康的食生活の地域差に結び付くか",C・F,家計調査・国民健康栄養調査,県庁所在市×食品群,組成データ分析・主成分・気候交互作用,3,5,4,4,3,4,23,候補,味覚地域差は2022年に類似
14,T14,産業多様性と人口減少耐性,"産業構成が多様な自治体ほど人口流出・雇用縮小に強いか",A,経済センサス・国勢調査時系列,市区町村×年,産業多様性指数・パネル固定効果・ショック異質性,5,4,3,4,5,3,24,候補,人口増減要因研究と近い
15,T15,外国人住民と行政サービス対応力,"外国人比率の上昇に対して行政DX・教育・医療・情報提供体制は適応しているか",A,自治体DXデータ・自治体標準オープンデータ・文化庁調査,市区町村,需要供給ミスマッチ指数・クラスタリング,5,3,5,3,5,3,24,候補,外国人人口特性は2019年に既出
16,T16,地域の運動機会と健康格差,"スポーツ施設と運動参加の地域差は健康寿命・医療費とどう結び付くか",D・E,健康寿命・国保医療費・社会体育調査,都道府県×男女,媒介分析・年齢構成調整・感度分析,4,4,3,3,4,4,22,候補,運動能力研究は既出
17,T17,ボランティア参加と地域防災,"平時のボランティア・社会参加が高い地域ほど防災担い手や災害対応力が高いか",D,消防団統計・自主防災組織活動状況,都道府県×男女,構成調整回帰・潜在社会関係資本指数,5,4,5,3,5,2,24,候補,直接重複なし
18,T18,図書館と生涯学習機会,"図書館・公民館への供給差は成人の学習・自己啓発参加格差と関連するか",D・E,社会教育調査,都道府県×男女,需要供給比・男女差・階層回帰,4,5,4,3,4,4,24,候補,教育ICT等とは差別化可能
19,T19,歯科医療アクセスと高齢化,"歯科医師・診療所供給は高齢化と地域の口腔医療需要に整合しているか",A・E,NDBオープンデータ・歯科疾患実態調査,市区町村または都道府県,需要供給比・空間回帰・類型化,4,3,4,3,4,4,22,候補,医師偏在と近い
20,T20,通勤時間・睡眠・都市構造,"長時間通勤と都市構造は睡眠時間の男女差をどの程度説明するか",D・E,社会生活基本調査詳細表・国土数値情報鉄道,都道府県×男女,構成調整・交互作用・都市類型比較,4,5,3,3,4,4,23,候補,睡眠時間研究が2023年に存在
21,T21,保育士配置効率と若年女性移動,"保育定員だけでなく保育士配置の質は若年女性の転入出や出生に関連するか",B,人口移動報告・賃金構造基本統計,都道府県×年,固定効果・配置効率指標・分布ラグ,5,5,2,4,5,4,25,重複注意,出生率・保育研究が多数
22,T22,空き家の質的ミスマッチ,"空き家率ではなく利用可能性の低い空き家構成が地域再生を阻害しているか",E,2023住宅土地統計・空き家対策実施状況,都道府県または市区町村,空き家類型・人口移動とのパネル/反復横断分析,5,4,3,4,5,3,24,重複注意,2022年空き家要因分析あり
23,T23,医療・福祉雇用の地域定着効果,"医療福祉産業の雇用基盤は人口減少地域の女性就業と定住を支えるか",A・E,経済センサス・国勢調査就業状態,市区町村×年,シフトシェア・パネル固定効果・地域類型,5,4,4,4,5,3,25,候補,女性進出・人口研究と一部重複
24,T24,自治体財政硬直化と生活サービス維持,"人口減少下で財政硬直化が教育・民生・インフラ支出の維持に与える影響は何か",A,地方財政状況調査・Japan Dashboard,市区町村×年,支出構成パネル・閾値・自治体類型,5,5,3,5,5,3,26,有力予備,市町村予算と人口移動は既出
